kommun;year;status
0114;2020;shortage
0115;2020;shortage
0117;2020;shortage
0120;2020;shortage
0123;2020;shortage
0125;2020;shortage
0126;2020;shortage
0127;2020;shortage
0128;2020;shortage
0136;2020;shortage
0138;2020;shortage
0139;2020;shortage
0140;2020;shortage
0160;2020;shortage
0162;2020;shortage
0163;2020;shortage
0180;2020;shortage
0181;2020;shortage
0182;2020;shortage
0183;2020;shortage
0184;2020;shortage
0186;2020;shortage
0187;2020;shortage
0188;2020;shortage
0191;2020;shortage
0192;2020;shortage
0305;2020;shortage
0319;2020;shortage
0330;2020;shortage
0331;2020;shortage
0360;2020;shortage
0380;2020;shortage
0381;2020;shortage
0382;2020;shortage
0428;2020;shortage
0461;2020;shortage
0480;2020;shortage
0481;2020;shortage
0482;2020;shortage
0483;2020;shortage
0484;2020;shortage
0486;2020;shortage
0488;2020;shortage
0509;2020;shortage
0512;2020;shortage
0513;2020;shortage
0560;2020;shortage
0561;2020;shortage
0562;2020;shortage
0563;2020;shortage
0580;2020;shortage
0581;2020;shortage
0582;2020;shortage
0583;2020;shortage
0584;2020;shortage
0586;2020;shortage
0604;2020;shortage
0617;2020;shortage
0642;2020;shortage
0643;2020;shortage
0662;2020;shortage
0665;2020;balance
0680;2020;shortage
0682;2020;shortage
0683;2020;shortage
0684;2020;balance
0685;2020;shortage
0686;2020;shortage
0687;2020;shortage
0760;2020;shortage
0761;2020;shortage
0763;2020;shortage
0764;2020;shortage
0765;2020;shortage
0767;2020;balance
0780;2020;shortage
0781;2020;shortage
0821;2020;balance
0834;2020;shortage
0840;2020;shortage
0860;2020;shortage
0861;2020;balance
0862;2020;shortage
0880;2020;shortage
0881;2020;balance
0882;2020;balance
0883;2020;balance
0884;2020;shortage
0885;2020;shortage
0980;2020;shortage
1060;2020;balance
1080;2020;shortage
1081;2020;shortage
1082;2020;shortage
1083;2020;shortage
1214;2020;shortage
1230;2020;shortage
1231;2020;shortage
1233;2020;shortage
1256;2020;balance
1260;2020;shortage
1261;2020;shortage
1262;2020;shortage
1263;2020;shortage
1264;2020;shortage
1265;2020;shortage
1266;2020;balance
1267;2020;shortage
1270;2020;shortage
1273;2020;balance
1275;2020;shortage
1276;2020;balance
1277;2020;shortage
1278;2020;shortage
1280;2020;shortage
1281;2020;shortage
1282;2020;balance
1283;2020;shortage
1284;2020;shortage
1285;2020;shortage
1286;2020;shortage
1287;2020;shortage
1290;2020;shortage
1291;2020;shortage
1292;2020;shortage
1293;2020;balance
1315;2020;balance
1380;2020;shortage
1381;2020;shortage
1382;2020;shortage
1383;2020;shortage
1384;2020;shortage
1401;2020;shortage
1402;2020;shortage
1407;2020;shortage
1415;2020;shortage
1419;2020;shortage
1421;2020;shortage
1427;2020;shortage
1430;2020;shortage
1435;2020;shortage
1438;2020;shortage
1439;2020;shortage
1440;2020;shortage
1441;2020;shortage
1442;2020;shortage
1443;2020;balance
1444;2020;shortage
1445;2020;shortage
1446;2020;shortage
1452;2020;shortage
1460;2020;shortage
1461;2020;balance
1462;2020;shortage
1463;2020;balance
1465;2020;balance
1466;2020;balance
1470;2020;shortage
1471;2020;shortage
1472;2020;shortage
1473;2020;shortage
1480;2020;shortage
1481;2020;shortage
1482;2020;shortage
1484;2020;shortage
1485;2020;shortage
1486;2020;shortage
1487;2020;shortage
1488;2020;shortage
1489;2020;shortage
1490;2020;shortage
1491;2020;shortage
1492;2020;balance
1493;2020;shortage
1494;2020;shortage
1495;2020;shortage
1496;2020;shortage
1497;2020;shortage
1498;2020;shortage
1499;2020;shortage
1715;2020;shortage
1730;2020;balance
1737;2020;shortage
1760;2020;shortage
1761;2020;shortage
1762;2020;balance
1763;2020;shortage
1764;2020;shortage
1765;2020;balance
1766;2020;shortage
1780;2020;shortage
1781;2020;shortage
1782;2020;surplus
1783;2020;balance
1784;2020;balance
1785;2020;balance
1814;2020;shortage
1860;2020;surplus
1861;2020;shortage
1862;2020;balance
1863;2020;surplus
1864;2020;surplus
1880;2020;shortage
1881;2020;shortage
1882;2020;shortage
1883;2020;shortage
1884;2020;shortage
1885;2020;balance
1904;2020;balance
1907;2020;balance
1960;2020;shortage
1961;2020;shortage
1962;2020;balance
1980;2020;shortage
1981;2020;shortage
1982;2020;shortage
1983;2020;shortage
1984;2020;shortage
2021;2020;shortage
2023;2020;shortage
2026;2020;shortage
2029;2020;shortage
2031;2020;balance
2034;2020;balance
2039;2020;balance
2061;2020;shortage
2062;2020;shortage
2080;2020;shortage
2081;2020;shortage
2082;2020;shortage
2083;2020;shortage
2084;2020;shortage
2085;2020;shortage
2101;2020;shortage
2104;2020;balance
2121;2020;balance
2132;2020;balance
2161;2020;balance
2180;2020;shortage
2181;2020;shortage
2182;2020;balance
2183;2020;balance
2184;2020;shortage
2260;2020;shortage
2262;2020;balance
2280;2020;balance
2281;2020;shortage
2282;2020;balance
2283;2020;surplus
2284;2020;shortage
2305;2020;balance
2309;2020;balance
2313;2020;balance
2321;2020;balance
2326;2020;balance
2361;2020;surplus
2380;2020;balance
2401;2020;balance
2403;2020;balance
2404;2020;surplus
2409;2020;shortage
2417;2020;balance
2418;2020;balance
2421;2020;shortage
2422;2020;balance
2425;2020;balance
2460;2020;shortage
2462;2020;balance
2463;2020;balance
2480;2020;shortage
2481;2020;balance
2482;2020;shortage
2505;2020;balance
2506;2020;shortage
2510;2020;balance
2513;2020;balance
2514;2020;shortage
2518;2020;balance
2521;2020;balance
2523;2020;shortage
2560;2020;balance
2580;2020;shortage
2581;2020;shortage
2582;2020;shortage
2583;2020;surplus
2584;2020;shortage
0115;2021;shortage
0117;2021;shortage
0120;2021;shortage
0123;2021;shortage
0125;2021;shortage
0126;2021;shortage
0127;2021;shortage
0128;2021;shortage
0136;2021;shortage
0138;2021;shortage
0139;2021;shortage
0140;2021;shortage
0160;2021;shortage
0162;2021;shortage
0163;2021;shortage
0180;2021;shortage
0181;2021;shortage
0182;2021;shortage
0183;2021;shortage
0184;2021;shortage
0186;2021;shortage
0187;2021;shortage
0188;2021;shortage
0191;2021;shortage
0192;2021;shortage
0305;2021;shortage
0319;2021;shortage
0330;2021;shortage
0331;2021;shortage
0360;2021;shortage
0380;2021;shortage
0381;2021;shortage
0382;2021;shortage
0428;2021;shortage
0461;2021;shortage
0480;2021;shortage
0481;2021;shortage
0482;2021;shortage
0483;2021;shortage
0484;2021;shortage
0486;2021;shortage
0488;2021;shortage
0509;2021;shortage
0512;2021;surplus
0513;2021;shortage
0560;2021;shortage
0561;2021;shortage
0562;2021;balance
0563;2021;surplus
0580;2021;shortage
0581;2021;shortage
0582;2021;shortage
0583;2021;shortage
0584;2021;shortage
0586;2021;shortage
0604;2021;shortage
0617;2021;shortage
0642;2021;shortage
0643;2021;shortage
0662;2021;balance
0665;2021;balance
0680;2021;shortage
0682;2021;shortage
0683;2021;shortage
0684;2021;balance
0685;2021;shortage
0686;2021;shortage
0687;2021;shortage
0760;2021;balance
0761;2021;balance
0763;2021;shortage
0764;2021;shortage
0765;2021;shortage
0767;2021;balance
0780;2021;shortage
0781;2021;shortage
0821;2021;surplus
0834;2021;shortage
0840;2021;shortage
0860;2021;shortage
0861;2021;balance
0862;2021;shortage
0880;2021;shortage
0882;2021;balance
0883;2021;balance
0884;2021;balance
0885;2021;shortage
0980;2021;shortage
1060;2021;balance
1080;2021;shortage
1081;2021;shortage
1082;2021;shortage
1083;2021;shortage
1214;2021;shortage
1230;2021;shortage
1231;2021;shortage
1233;2021;shortage
1256;2021;balance
1257;2021;balance
1260;2021;shortage
1261;2021;shortage
1262;2021;shortage
1263;2021;shortage
1264;2021;shortage
1265;2021;balance
1266;2021;balance
1267;2021;shortage
1270;2021;shortage
1273;2021;shortage
1275;2021;shortage
1276;2021;balance
1277;2021;shortage
1278;2021;shortage
1280;2021;shortage
1281;2021;shortage
1282;2021;shortage
1283;2021;shortage
1284;2021;shortage
1285;2021;shortage
1286;2021;shortage
1287;2021;shortage
1290;2021;shortage
1291;2021;shortage
1292;2021;shortage
1293;2021;shortage
1315;2021;balance
1380;2021;shortage
1381;2021;shortage
1382;2021;shortage
1383;2021;shortage
1384;2021;shortage
1401;2021;shortage
1402;2021;shortage
1407;2021;shortage
1415;2021;shortage
1419;2021;shortage
1421;2021;shortage
1427;2021;shortage
1430;2021;shortage
1435;2021;shortage
1438;2021;balance
1439;2021;shortage
1440;2021;shortage
1441;2021;shortage
1442;2021;shortage
1443;2021;shortage
1444;2021;shortage
1445;2021;shortage
1446;2021;shortage
1452;2021;shortage
1460;2021;balance
1461;2021;shortage
1463;2021;shortage
1465;2021;balance
1466;2021;shortage
1470;2021;balance
1471;2021;shortage
1472;2021;shortage
1473;2021;shortage
1480;2021;shortage
1481;2021;shortage
1482;2021;shortage
1484;2021;balance
1485;2021;shortage
1486;2021;shortage
1487;2021;shortage
1488;2021;shortage
1489;2021;shortage
1490;2021;shortage
1491;2021;balance
1492;2021;balance
1493;2021;shortage
1494;2021;shortage
1495;2021;shortage
1496;2021;balance
1497;2021;shortage
1498;2021;balance
1499;2021;shortage
1715;2021;shortage
1730;2021;balance
1737;2021;shortage
1760;2021;balance
1761;2021;shortage
1762;2021;balance
1763;2021;shortage
1764;2021;shortage
1765;2021;balance
1766;2021;shortage
1780;2021;shortage
1781;2021;shortage
1782;2021;surplus
1783;2021;balance
1784;2021;balance
1785;2021;surplus
1814;2021;shortage
1860;2021;surplus
1861;2021;shortage
1862;2021;balance
1863;2021;surplus
1864;2021;surplus
1880;2021;shortage
1881;2021;shortage
1882;2021;shortage
1883;2021;shortage
1884;2021;shortage
1885;2021;shortage
1904;2021;balance
1907;2021;shortage
1960;2021;shortage
1961;2021;shortage
1962;2021;balance
1980;2021;shortage
1981;2021;shortage
1982;2021;shortage
1983;2021;shortage
1984;2021;shortage
2021;2021;shortage
2023;2021;balance
2026;2021;balance
2029;2021;shortage
2031;2021;balance
2034;2021;shortage
2039;2021;balance
2061;2021;balance
2062;2021;shortage
2080;2021;shortage
2081;2021;shortage
2082;2021;shortage
2083;2021;shortage
2084;2021;shortage
2085;2021;shortage
2101;2021;shortage
2104;2021;balance
2121;2021;shortage
2132;2021;balance
2161;2021;balance
2180;2021;shortage
2181;2021;shortage
2182;2021;shortage
2183;2021;balance
2184;2021;shortage
2260;2021;shortage
2262;2021;balance
2280;2021;balance
2281;2021;shortage
2282;2021;surplus
2283;2021;surplus
2284;2021;shortage
2305;2021;surplus
2309;2021;balance
2313;2021;surplus
2321;2021;balance
2326;2021;shortage
2361;2021;surplus
2380;2021;shortage
2401;2021;shortage
2403;2021;balance
2404;2021;surplus
2409;2021;shortage
2417;2021;shortage
2418;2021;balance
2421;2021;balance
2422;2021;surplus
2425;2021;balance
2460;2021;shortage
2462;2021;surplus
2463;2021;balance
2480;2021;shortage
2481;2021;balance
2482;2021;shortage
2505;2021;balance
2506;2021;shortage
2513;2021;balance
2514;2021;shortage
2518;2021;balance
2521;2021;balance
2523;2021;shortage
2560;2021;shortage
2580;2021;shortage
2581;2021;shortage
2582;2021;shortage
2583;2021;surplus
2584;2021;shortage
0114;2022;balance
0115;2022;shortage
0117;2022;shortage
0120;2022;shortage
0123;2022;shortage
0125;2022;shortage
0126;2022;shortage
0127;2022;shortage
0128;2022;shortage
0136;2022;shortage
0138;2022;shortage
0139;2022;shortage
0140;2022;balance
0160;2022;shortage
0162;2022;shortage
0163;2022;shortage
0180;2022;shortage
0181;2022;shortage
0182;2022;shortage
0183;2022;shortage
0184;2022;shortage
0186;2022;shortage
0187;2022;shortage
0188;2022;shortage
0191;2022;shortage
0192;2022;shortage
0305;2022;shortage
0319;2022;shortage
0330;2022;shortage
0331;2022;shortage
0360;2022;shortage
0380;2022;shortage
0381;2022;shortage
0382;2022;balance
0461;2022;shortage
0480;2022;shortage
0481;2022;shortage
0482;2022;shortage
0483;2022;shortage
0484;2022;shortage
0486;2022;shortage
0488;2022;shortage
0509;2022;shortage
0512;2022;surplus
0513;2022;shortage
0560;2022;shortage
0561;2022;shortage
0562;2022;balance
0563;2022;balance
0580;2022;shortage
0581;2022;shortage
0582;2022;shortage
0583;2022;shortage
0584;2022;shortage
0586;2022;shortage
0604;2022;shortage
0617;2022;shortage
0642;2022;shortage
0643;2022;shortage
0662;2022;balance
0665;2022;shortage
0680;2022;shortage
0682;2022;shortage
0683;2022;shortage
0684;2022;balance
0685;2022;shortage
0686;2022;shortage
0687;2022;shortage
0760;2022;balance
0761;2022;balance
0763;2022;shortage
0764;2022;shortage
0767;2022;balance
0780;2022;shortage
0781;2022;shortage
0821;2022;balance
0834;2022;shortage
0840;2022;shortage
0860;2022;shortage
0861;2022;balance
0880;2022;shortage
0881;2022;balance
0882;2022;balance
0883;2022;balance
0884;2022;shortage
0885;2022;shortage
0980;2022;shortage
1060;2022;balance
1080;2022;shortage
1081;2022;balance
1082;2022;shortage
1083;2022;shortage
1214;2022;shortage
1230;2022;shortage
1231;2022;shortage
1233;2022;shortage
1256;2022;balance
1257;2022;balance
1260;2022;shortage
1261;2022;shortage
1262;2022;shortage
1263;2022;shortage
1264;2022;shortage
1265;2022;shortage
1266;2022;shortage
1267;2022;shortage
1270;2022;shortage
1272;2022;shortage
1273;2022;balance
1275;2022;balance
1276;2022;shortage
1277;2022;shortage
1278;2022;shortage
1280;2022;shortage
1281;2022;shortage
1282;2022;shortage
1283;2022;shortage
1284;2022;shortage
1285;2022;balance
1286;2022;shortage
1287;2022;shortage
1290;2022;shortage
1291;2022;shortage
1292;2022;shortage
1293;2022;shortage
1315;2022;balance
1380;2022;shortage
1381;2022;shortage
1382;2022;shortage
1383;2022;shortage
1384;2022;shortage
1401;2022;shortage
1402;2022;shortage
1407;2022;shortage
1415;2022;shortage
1419;2022;shortage
1421;2022;shortage
1427;2022;shortage
1430;2022;shortage
1435;2022;shortage
1438;2022;balance
1439;2022;balance
1440;2022;shortage
1441;2022;shortage
1442;2022;shortage
1444;2022;shortage
1445;2022;shortage
1446;2022;shortage
1447;2022;shortage
1452;2022;shortage
1460;2022;balance
1461;2022;shortage
1462;2022;shortage
1463;2022;shortage
1465;2022;balance
1466;2022;shortage
1470;2022;shortage
1471;2022;shortage
1472;2022;shortage
1473;2022;shortage
1480;2022;shortage
1481;2022;balance
1482;2022;shortage
1484;2022;shortage
1485;2022;balance
1486;2022;balance
1487;2022;shortage
1488;2022;shortage
1489;2022;shortage
1490;2022;shortage
1491;2022;balance
1492;2022;balance
1493;2022;shortage
1494;2022;shortage
1495;2022;balance
1496;2022;balance
1497;2022;shortage
1498;2022;shortage
1499;2022;shortage
1715;2022;shortage
1730;2022;surplus
1737;2022;shortage
1760;2022;balance
1761;2022;shortage
1762;2022;balance
1763;2022;balance
1764;2022;shortage
1765;2022;surplus
1766;2022;balance
1780;2022;shortage
1781;2022;shortage
1782;2022;surplus
1783;2022;balance
1784;2022;shortage
1785;2022;balance
1814;2022;shortage
1860;2022;surplus
1861;2022;shortage
1862;2022;balance
1863;2022;balance
1864;2022;surplus
1880;2022;shortage
1881;2022;shortage
1882;2022;shortage
1883;2022;shortage
1884;2022;shortage
1885;2022;shortage
1904;2022;balance
1907;2022;shortage
1960;2022;shortage
1961;2022;shortage
1962;2022;shortage
1980;2022;shortage
1981;2022;balance
1982;2022;shortage
1983;2022;balance
1984;2022;balance
2021;2022;shortage
2023;2022;shortage
2026;2022;shortage
2029;2022;shortage
2031;2022;shortage
2034;2022;balance
2039;2022;balance
2061;2022;balance
2062;2022;shortage
2080;2022;shortage
2081;2022;shortage
2082;2022;shortage
2083;2022;balance
2084;2022;shortage
2085;2022;balance
2101;2022;shortage
2104;2022;balance
2121;2022;balance
2132;2022;shortage
2161;2022;balance
2180;2022;shortage
2181;2022;shortage
2182;2022;balance
2183;2022;balance
2184;2022;shortage
2260;2022;shortage
2262;2022;shortage
2280;2022;shortage
2281;2022;shortage
2282;2022;shortage
2283;2022;surplus
2284;2022;balance
2303;2022;balance
2305;2022;surplus
2309;2022;shortage
2313;2022;surplus
2321;2022;shortage
2326;2022;shortage
2380;2022;balance
2401;2022;shortage
2403;2022;shortage
2404;2022;shortage
2417;2022;shortage
2418;2022;balance
2421;2022;surplus
2422;2022;balance
2425;2022;shortage
2460;2022;shortage
2462;2022;surplus
2463;2022;balance
2480;2022;shortage
2481;2022;surplus
2482;2022;shortage
2505;2022;balance
2506;2022;shortage
2510;2022;balance
2513;2022;balance
2514;2022;shortage
2518;2022;surplus
2521;2022;balance
2523;2022;shortage
2560;2022;shortage
2580;2022;shortage
2581;2022;shortage
2582;2022;shortage
2583;2022;surplus
2584;2022;shortage
0114;2023;balance
0115;2023;shortage
0117;2023;shortage
0120;2023;shortage
0123;2023;shortage
0125;2023;shortage
0126;2023;shortage
0127;2023;shortage
0128;2023;shortage
0136;2023;shortage
0138;2023;shortage
0139;2023;shortage
0140;2023;balance
0160;2023;shortage
0162;2023;shortage
0163;2023;shortage
0180;2023;shortage
0181;2023;shortage
0182;2023;shortage
0183;2023;shortage
0184;2023;shortage
0186;2023;shortage
0187;2023;shortage
0188;2023;shortage
0191;2023;shortage
0192;2023;shortage
0305;2023;shortage
0319;2023;shortage
0330;2023;shortage
0331;2023;shortage
0360;2023;shortage
0380;2023;shortage
0381;2023;balance
0382;2023;shortage
0428;2023;shortage
0461;2023;shortage
0480;2023;shortage
0481;2023;balance
0482;2023;shortage
0483;2023;balance
0484;2023;shortage
0486;2023;shortage
0488;2023;shortage
0509;2023;shortage
0512;2023;balance
0513;2023;balance
0560;2023;shortage
0561;2023;shortage
0562;2023;shortage
0563;2023;shortage
0580;2023;shortage
0581;2023;shortage
0582;2023;shortage
0583;2023;shortage
0584;2023;shortage
0586;2023;shortage
0604;2023;balance
0617;2023;shortage
0642;2023;shortage
0643;2023;shortage
0662;2023;balance
0665;2023;shortage
0680;2023;shortage
0682;2023;balance
0683;2023;balance
0684;2023;balance
0685;2023;shortage
0686;2023;shortage
0687;2023;shortage
0760;2023;shortage
0761;2023;balance
0763;2023;balance
0764;2023;balance
0765;2023;shortage
0767;2023;balance
0780;2023;balance
0781;2023;balance
0821;2023;balance
0834;2023;balance
0840;2023;shortage
0860;2023;shortage
0861;2023;balance
0862;2023;shortage
0880;2023;shortage
0881;2023;balance
0882;2023;balance
0883;2023;balance
0884;2023;surplus
0885;2023;shortage
0980;2023;shortage
1060;2023;balance
1080;2023;shortage
1081;2023;balance
1082;2023;shortage
1083;2023;shortage
1214;2023;shortage
1230;2023;shortage
1231;2023;shortage
1233;2023;shortage
1256;2023;balance
1257;2023;balance
1260;2023;shortage
1261;2023;shortage
1262;2023;shortage
1263;2023;shortage
1264;2023;shortage
1265;2023;shortage
1266;2023;balance
1267;2023;shortage
1270;2023;balance
1272;2023;shortage
1273;2023;balance
1275;2023;balance
1276;2023;balance
1277;2023;shortage
1278;2023;shortage
1280;2023;shortage
1281;2023;shortage
1282;2023;shortage
1283;2023;shortage
1284;2023;shortage
1285;2023;shortage
1286;2023;shortage
1287;2023;shortage
1290;2023;balance
1291;2023;shortage
1292;2023;shortage
1293;2023;balance
1315;2023;balance
1380;2023;shortage
1381;2023;balance
1382;2023;balance
1383;2023;shortage
1384;2023;shortage
1401;2023;shortage
1402;2023;shortage
1407;2023;shortage
1415;2023;shortage
1419;2023;shortage
1421;2023;shortage
1427;2023;shortage
1430;2023;balance
1435;2023;shortage
1438;2023;balance
1439;2023;shortage
1440;2023;shortage
1441;2023;shortage
1442;2023;shortage
1444;2023;shortage
1445;2023;shortage
1446;2023;balance
1447;2023;shortage
1452;2023;balance
1460;2023;shortage
1461;2023;balance
1462;2023;shortage
1463;2023;shortage
1465;2023;balance
1466;2023;shortage
1470;2023;shortage
1471;2023;shortage
1472;2023;shortage
1473;2023;shortage
1480;2023;shortage
1481;2023;balance
1482;2023;shortage
1484;2023;shortage
1485;2023;balance
1486;2023;balance
1487;2023;balance
1488;2023;shortage
1489;2023;shortage
1490;2023;shortage
1491;2023;balance
1492;2023;balance
1493;2023;balance
1494;2023;shortage
1495;2023;balance
1496;2023;balance
1497;2023;shortage
1498;2023;balance
1499;2023;shortage
1715;2023;shortage
1730;2023;balance
1737;2023;shortage
1760;2023;balance
1761;2023;shortage
1762;2023;balance
1763;2023;balance
1764;2023;shortage
1765;2023;surplus
1766;2023;balance
1780;2023;balance
1781;2023;shortage
1782;2023;surplus
1783;2023;balance
1784;2023;balance
1785;2023;balance
1814;2023;shortage
1860;2023;surplus
1861;2023;shortage
1862;2023;balance
1863;2023;surplus
1864;2023;surplus
1880;2023;shortage
1881;2023;balance
1882;2023;shortage
1883;2023;shortage
1884;2023;balance
1885;2023;balance
1904;2023;balance
1907;2023;shortage
1960;2023;shortage
1961;2023;shortage
1962;2023;shortage
1980;2023;shortage
1981;2023;shortage
1982;2023;shortage
1983;2023;balance
1984;2023;balance
2021;2023;shortage
2023;2023;shortage
2026;2023;shortage
2029;2023;shortage
2031;2023;shortage
2034;2023;balance
2039;2023;balance
2061;2023;balance
2062;2023;shortage
2080;2023;shortage
2081;2023;balance
2082;2023;shortage
2083;2023;balance
2084;2023;shortage
2085;2023;balance
2101;2023;surplus
2104;2023;shortage
2121;2023;balance
2132;2023;shortage
2161;2023;balance
2180;2023;shortage
2181;2023;shortage
2182;2023;balance
2183;2023;balance
2184;2023;shortage
2260;2023;shortage
2262;2023;balance
2280;2023;balance
2281;2023;shortage
2282;2023;shortage
2283;2023;surplus
2284;2023;shortage
2303;2023;balance
2305;2023;balance
2309;2023;balance
2313;2023;surplus
2321;2023;shortage
2326;2023;shortage
2361;2023;balance
2380;2023;balance
2401;2023;shortage
2403;2023;shortage
2404;2023;shortage
2409;2023;shortage
2417;2023;shortage
2418;2023;balance
2421;2023;balance
2422;2023;balance
2425;2023;shortage
2460;2023;shortage
2462;2023;balance
2463;2023;balance
2480;2023;shortage
2481;2023;surplus
2482;2023;shortage
2505;2023;balance
2506;2023;balance
2510;2023;balance
2513;2023;balance
2514;2023;shortage
2518;2023;surplus
2521;2023;balance
2523;2023;shortage
2560;2023;shortage
2580;2023;shortage
2581;2023;shortage
2582;2023;shortage
2583;2023;surplus
2584;2023;shortage
0114;2024;shortage
0115;2024;shortage
0117;2024;shortage
0120;2024;shortage
0123;2024;shortage
0125;2024;shortage
0126;2024;shortage
0127;2024;shortage
0128;2024;shortage
0136;2024;shortage
0138;2024;shortage
0139;2024;shortage
0140;2024;balance
0160;2024;shortage
0162;2024;shortage
0163;2024;shortage
0180;2024;shortage
0181;2024;shortage
0182;2024;shortage
0183;2024;shortage
0184;2024;shortage
0186;2024;shortage
0187;2024;shortage
0188;2024;shortage
0191;2024;shortage
0192;2024;balance
0305;2024;shortage
0319;2024;shortage
0330;2024;shortage
0331;2024;shortage
0360;2024;shortage
0380;2024;shortage
0381;2024;balance
0382;2024;shortage
0428;2024;shortage
0461;2024;shortage
0480;2024;balance
0481;2024;balance
0482;2024;surplus
0483;2024;balance
0484;2024;surplus
0486;2024;balance
0488;2024;shortage
0509;2024;shortage
0512;2024;surplus
0513;2024;balance
0560;2024;shortage
0561;2024;balance
0562;2024;shortage
0563;2024;balance
0580;2024;shortage
0581;2024;balance
0582;2024;shortage
0583;2024;shortage
0584;2024;shortage
0586;2024;shortage
0604;2024;balance
0617;2024;balance
0642;2024;balance
0643;2024;shortage
0662;2024;balance
0665;2024;shortage
0680;2024;shortage
0682;2024;balance
0683;2024;balance
0684;2024;surplus
0685;2024;shortage
0686;2024;shortage
0687;2024;shortage
0760;2024;balance
0761;2024;balance
0763;2024;surplus
0764;2024;balance
0765;2024;surplus
0767;2024;balance
0780;2024;balance
0781;2024;surplus
0821;2024;balance
0834;2024;balance
0840;2024;shortage
0860;2024;shortage
0861;2024;balance
0862;2024;shortage
0880;2024;shortage
0881;2024;balance
0882;2024;balance
0883;2024;balance
0884;2024;balance
0885;2024;shortage
0980;2024;shortage
1060;2024;balance
1080;2024;shortage
1081;2024;balance
1082;2024;shortage
1083;2024;shortage
1214;2024;shortage
1230;2024;shortage
1231;2024;shortage
1233;2024;shortage
1256;2024;balance
1257;2024;balance
1260;2024;balance
1261;2024;shortage
1262;2024;shortage
1263;2024;shortage
1264;2024;shortage
1265;2024;balance
1266;2024;shortage
1267;2024;balance
1270;2024;shortage
1272;2024;balance
1273;2024;surplus
1275;2024;balance
1276;2024;balance
1277;2024;shortage
1278;2024;shortage
1280;2024;shortage
1281;2024;shortage
1282;2024;balance
1283;2024;shortage
1284;2024;shortage
1285;2024;balance
1286;2024;balance
1287;2024;shortage
1290;2024;balance
1291;2024;balance
1292;2024;balance
1293;2024;balance
1315;2024;balance
1380;2024;shortage
1381;2024;balance
1382;2024;shortage
1383;2024;shortage
1384;2024;shortage
1401;2024;shortage
1402;2024;shortage
1407;2024;shortage
1415;2024;shortage
1419;2024;shortage
1421;2024;shortage
1427;2024;shortage
1430;2024;balance
1435;2024;balance
1438;2024;balance
1439;2024;balance
1440;2024;shortage
1441;2024;shortage
1442;2024;shortage
1443;2024;shortage
1444;2024;balance
1445;2024;shortage
1446;2024;shortage
1447;2024;balance
1452;2024;shortage
1460;2024;surplus
1461;2024;balance
1462;2024;shortage
1463;2024;shortage
1465;2024;balance
1466;2024;balance
1470;2024;shortage
1471;2024;shortage
1472;2024;shortage
1473;2024;balance
1480;2024;shortage
1481;2024;balance
1482;2024;balance
1484;2024;shortage
1485;2024;balance
1486;2024;balance
1487;2024;balance
1488;2024;balance
1489;2024;shortage
1490;2024;balance
1491;2024;balance
1492;2024;balance
1493;2024;shortage
1494;2024;shortage
1495;2024;balance
1496;2024;balance
1497;2024;shortage
1498;2024;balance
1499;2024;balance
1715;2024;shortage
1730;2024;balance
1737;2024;shortage
1760;2024;balance
1761;2024;shortage
1762;2024;balance
1763;2024;balance
1764;2024;shortage
1765;2024;surplus
1766;2024;balance
1780;2024;balance
1781;2024;shortage
1782;2024;surplus
1783;2024;balance
1784;2024;balance
1785;2024;surplus
1814;2024;shortage
1860;2024;surplus
1861;2024;shortage
1862;2024;balance
1863;2024;surplus
1880;2024;shortage
1881;2024;shortage
1882;2024;shortage
1883;2024;shortage
1884;2024;shortage
1885;2024;balance
1904;2024;balance
1907;2024;shortage
1960;2024;shortage
1961;2024;shortage
1962;2024;shortage
1980;2024;balance
1982;2024;balance
1983;2024;balance
1984;2024;balance
2021;2024;shortage
2023;2024;shortage
2026;2024;balance
2029;2024;shortage
2031;2024;shortage
2034;2024;shortage
2039;2024;balance
2061;2024;balance
2062;2024;shortage
2080;2024;balance
2081;2024;balance
2082;2024;shortage
2083;2024;surplus
2084;2024;balance
2085;2024;balance
2101;2024;surplus
2104;2024;balance
2121;2024;balance
2132;2024;shortage
2161;2024;balance
2180;2024;balance
2181;2024;balance
2182;2024;balance
2183;2024;balance
2184;2024;shortage
2260;2024;shortage
2262;2024;balance
2280;2024;balance
2281;2024;balance
2282;2024;shortage
2283;2024;surplus
2284;2024;shortage
2303;2024;balance
2305;2024;balance
2309;2024;balance
2313;2024;surplus
2321;2024;shortage
2326;2024;shortage
2361;2024;surplus
2380;2024;shortage
2401;2024;balance
2403;2024;shortage
2404;2024;shortage
2409;2024;shortage
2417;2024;shortage
2418;2024;balance
2421;2024;balance
2422;2024;balance
2425;2024;balance
2460;2024;shortage
2462;2024;balance
2463;2024;balance
2480;2024;shortage
2481;2024;surplus
2482;2024;shortage
2505;2024;balance
2506;2024;shortage
2510;2024;balance
2513;2024;balance
2514;2024;shortage
2518;2024;balance
2521;2024;shortage
2523;2024;shortage
2560;2024;balance
2580;2024;shortage
2581;2024;shortage
2582;2024;balance
2583;2024;surplus
2584;2024;shortage
0114;2025;shortage
0115;2025;shortage
0117;2025;shortage
0120;2025;shortage
0123;2025;balance
0125;2025;shortage
0126;2025;shortage
0127;2025;shortage
0128;2025;shortage
0136;2025;shortage
0138;2025;shortage
0139;2025;shortage
0140;2025;shortage
0160;2025;shortage
0162;2025;shortage
0163;2025;shortage
0180;2025;shortage
0181;2025;shortage
0182;2025;shortage
0183;2025;shortage
0184;2025;shortage
0186;2025;shortage
0187;2025;shortage
0188;2025;shortage
0191;2025;shortage
0192;2025;balance
0305;2025;shortage
0319;2025;shortage
0330;2025;balance
0331;2025;shortage
0360;2025;shortage
0380;2025;shortage
0381;2025;balance
0382;2025;shortage
0428;2025;balance
0461;2025;shortage
0480;2025;balance
0481;2025;surplus
0482;2025;surplus
0483;2025;balance
0484;2025;surplus
0486;2025;balance
0488;2025;shortage
0509;2025;shortage
0512;2025;surplus
0513;2025;surplus
0560;2025;shortage
0561;2025;balance
0562;2025;shortage
0563;2025;balance
0580;2025;shortage
0581;2025;balance
0582;2025;shortage
0583;2025;shortage
0584;2025;balance
0586;2025;balance
0604;2025;balance
0617;2025;balance
0642;2025;balance
0643;2025;shortage
0662;2025;balance
0665;2025;balance
0680;2025;shortage
0682;2025;balance
0683;2025;balance
0684;2025;surplus
0685;2025;balance
0686;2025;balance
0687;2025;shortage
0760;2025;surplus
0761;2025;surplus
0763;2025;balance
0764;2025;surplus
0765;2025;surplus
0767;2025;surplus
0780;2025;surplus
0781;2025;balance
0821;2025;balance
0834;2025;balance
0840;2025;shortage
0860;2025;surplus
0861;2025;balance
0862;2025;surplus
0880;2025;shortage
0881;2025;surplus
0882;2025;balance
0883;2025;surplus
0885;2025;shortage
0980;2025;shortage
1060;2025;balance
1080;2025;shortage
1081;2025;balance
1082;2025;shortage
1083;2025;shortage
1214;2025;shortage
1230;2025;balance
1231;2025;shortage
1233;2025;shortage
1256;2025;balance
1257;2025;balance
1260;2025;shortage
1261;2025;shortage
1262;2025;shortage
1263;2025;shortage
1264;2025;shortage
1265;2025;balance
1266;2025;shortage
1267;2025;shortage
1270;2025;balance
1272;2025;balance
1273;2025;surplus
1275;2025;balance
1276;2025;shortage
1277;2025;surplus
1278;2025;shortage
1280;2025;shortage
1281;2025;shortage
1282;2025;balance
1283;2025;shortage
1284;2025;shortage
1285;2025;balance
1286;2025;balance
1287;2025;balance
1290;2025;balance
1291;2025;balance
1292;2025;balance
1293;2025;balance
1315;2025;surplus
1380;2025;balance
1381;2025;balance
1382;2025;shortage
1383;2025;shortage
1384;2025;shortage
1401;2025;shortage
1402;2025;shortage
1407;2025;shortage
1415;2025;shortage
1419;2025;shortage
1421;2025;shortage
1427;2025;shortage
1430;2025;balance
1435;2025;balance
1438;2025;balance
1439;2025;balance
1440;2025;shortage
1441;2025;shortage
1442;2025;shortage
1443;2025;shortage
1444;2025;balance
1445;2025;balance
1446;2025;shortage
1447;2025;balance
1452;2025;balance
1460;2025;balance
1461;2025;balance
1462;2025;shortage
1463;2025;shortage
1465;2025;balance
1466;2025;balance
1470;2025;shortage
1471;2025;shortage
1472;2025;balance
1473;2025;shortage
1480;2025;shortage
1481;2025;shortage
1482;2025;shortage
1484;2025;shortage
1485;2025;balance
1486;2025;balance
1487;2025;balance
1488;2025;balance
1489;2025;shortage
1490;2025;surplus
1491;2025;surplus
1492;2025;surplus
1493;2025;shortage
1494;2025;balance
1495;2025;balance
1496;2025;shortage
1497;2025;shortage
1498;2025;balance
1499;2025;balance
1715;2025;shortage
1730;2025;balance
1737;2025;balance
1760;2025;balance
1761;2025;shortage
1762;2025;surplus
1763;2025;balance
1764;2025;shortage
1765;2025;surplus
1766;2025;balance
1780;2025;surplus
1781;2025;balance
1782;2025;surplus
1783;2025;balance
1784;2025;balance
1785;2025;surplus
1814;2025;shortage
1860;2025;surplus
1861;2025;shortage
1862;2025;balance
1863;2025;surplus
1864;2025;surplus
1880;2025;shortage
1881;2025;shortage
1882;2025;shortage
1883;2025;shortage
1884;2025;shortage
1885;2025;balance
1904;2025;balance
1907;2025;shortage
1960;2025;balance
1961;2025;shortage
1962;2025;surplus
1980;2025;surplus
1982;2025;surplus
1983;2025;balance
1984;2025;balance
2021;2025;shortage
2023;2025;shortage
2026;2025;shortage
2029;2025;shortage
2031;2025;shortage
2034;2025;balance
2039;2025;balance
2061;2025;balance
2062;2025;balance
2080;2025;balance
2081;2025;balance
2082;2025;shortage
2083;2025;shortage
2084;2025;surplus
2085;2025;balance
2101;2025;surplus
2104;2025;surplus
2121;2025;surplus
2132;2025;shortage
2161;2025;balance
2180;2025;balance
2181;2025;surplus
2182;2025;surplus
2183;2025;balance
2184;2025;balance
2260;2025;shortage
2262;2025;balance
2280;2025;balance
2281;2025;balance
2282;2025;shortage
2283;2025;shortage
2284;2025;balance
2303;2025;balance
2305;2025;surplus
2309;2025;balance
2313;2025;surplus
2321;2025;shortage
2326;2025;shortage
2361;2025;surplus
2380;2025;balance
2403;2025;shortage
2404;2025;shortage
2409;2025;balance
2417;2025;shortage
2418;2025;balance
2421;2025;surplus
2422;2025;balance
2425;2025;surplus
2460;2025;shortage
2462;2025;surplus
2463;2025;balance
2480;2025;shortage
2481;2025;surplus
2482;2025;shortage
2505;2025;balance
2506;2025;shortage
2510;2025;balance
2513;2025;balance
2514;2025;surplus
2518;2025;balance
2521;2025;balance
2523;2025;shortage
2560;2025;balance
2580;2025;shortage
2581;2025;shortage
2582;2025;balance
2583;2025;surplus
2584;2025;balance
0114;2026;shortage
0115;2026;shortage
0117;2026;shortage
0120;2026;shortage
0123;2026;balance
0125;2026;shortage
0126;2026;shortage
0127;2026;shortage
0128;2026;shortage
0136;2026;balance
0138;2026;shortage
0139;2026;shortage
0140;2026;shortage
0160;2026;shortage
0162;2026;shortage
0163;2026;shortage
0180;2026;shortage
0181;2026;shortage
0182;2026;shortage
0183;2026;shortage
0184;2026;shortage
0186;2026;shortage
0187;2026;shortage
0188;2026;balance
0191;2026;shortage
0192;2026;balance
0305;2026;shortage
0319;2026;shortage
0330;2026;balance
0331;2026;shortage
0360;2026;shortage
0380;2026;shortage
0381;2026;surplus
0382;2026;balance
0428;2026;surplus
0461;2026;shortage
0480;2026;surplus
0481;2026;balance
0482;2026;surplus
0483;2026;balance
0484;2026;surplus
0486;2026;balance
0488;2026;shortage
0509;2026;shortage
0512;2026;balance
0513;2026;balance
0560;2026;surplus
0561;2026;balance
0563;2026;balance
0580;2026;shortage
0581;2026;balance
0582;2026;shortage
0583;2026;surplus
0584;2026;balance
0586;2026;balance
0604;2026;balance
0617;2026;surplus
0642;2026;balance
0643;2026;balance
0662;2026;balance
0665;2026;balance
0680;2026;shortage
0682;2026;balance
0683;2026;balance
0684;2026;surplus
0685;2026;balance
0686;2026;balance
0687;2026;balance
0760;2026;surplus
0761;2026;surplus
0763;2026;balance
0764;2026;surplus
0765;2026;surplus
0767;2026;surplus
0780;2026;surplus
0781;2026;balance
0821;2026;balance
0834;2026;shortage
0840;2026;shortage
0860;2026;surplus
0861;2026;balance
0862;2026;surplus
0880;2026;shortage
0881;2026;surplus
0882;2026;balance
0883;2026;surplus
0884;2026;surplus
0885;2026;shortage
0980;2026;shortage
1060;2026;balance
1080;2026;shortage
1081;2026;balance
1082;2026;balance
1083;2026;balance
1214;2026;shortage
1230;2026;balance
1231;2026;balance
1233;2026;shortage
1256;2026;surplus
1257;2026;balance
1260;2026;balance
1261;2026;balance
1262;2026;shortage
1263;2026;shortage
1264;2026;shortage
1265;2026;surplus
1266;2026;shortage
1267;2026;shortage
1270;2026;balance
1272;2026;balance
1273;2026;surplus
1275;2026;balance
1276;2026;balance
1277;2026;surplus
1278;2026;balance
1280;2026;shortage
1281;2026;shortage
1282;2026;balance
1283;2026;shortage
1284;2026;balance
1285;2026;balance
1286;2026;balance
1287;2026;shortage
1290;2026;balance
1291;2026;balance
1292;2026;balance
1293;2026;balance
1315;2026;surplus
1380;2026;balance
1381;2026;shortage
1382;2026;shortage
1383;2026;shortage
1384;2026;shortage
1401;2026;shortage
1402;2026;shortage
1407;2026;shortage
1415;2026;balance
1419;2026;shortage
1421;2026;shortage
1427;2026;shortage
1430;2026;balance
1435;2026;balance
1438;2026;balance
1439;2026;balance
1440;2026;shortage
1441;2026;shortage
1442;2026;shortage
1443;2026;shortage
1444;2026;balance
1445;2026;balance
1446;2026;shortage
1447;2026;balance
1452;2026;balance
1460;2026;surplus
1461;2026;balance
1462;2026;shortage
1463;2026;shortage
1465;2026;surplus
1466;2026;balance
1470;2026;shortage
1471;2026;balance
1472;2026;balance
1473;2026;shortage
1480;2026;shortage
1481;2026;shortage
1482;2026;shortage
1484;2026;balance
1485;2026;balance
1486;2026;balance
1487;2026;balance
1488;2026;balance
1489;2026;shortage
1490;2026;surplus
1491;2026;surplus
1492;2026;surplus
1493;2026;balance
1494;2026;balance
1495;2026;balance
1496;2026;shortage
1497;2026;shortage
1498;2026;balance
1499;2026;balance
1715;2026;balance
1730;2026;balance
1737;2026;balance
1760;2026;balance
1761;2026;shortage
1762;2026;balance
1763;2026;balance
1764;2026;surplus
1765;2026;surplus
1766;2026;balance
1780;2026;balance
1781;2026;balance
1782;2026;surplus
1783;2026;balance
1784;2026;balance
1785;2026;surplus
1814;2026;shortage
1860;2026;surplus
1861;2026;shortage
1862;2026;surplus
1863;2026;balance
1864;2026;shortage
1880;2026;shortage
1881;2026;shortage
1882;2026;shortage
1883;2026;balance
1884;2026;shortage
1885;2026;balance
1907;2026;balance
1960;2026;balance
1961;2026;shortage
1962;2026;surplus
1980;2026;surplus
1982;2026;surplus
1983;2026;balance
1984;2026;balance
2021;2026;shortage
2023;2026;surplus
2026;2026;balance
2029;2026;shortage
2031;2026;shortage
2034;2026;balance
2039;2026;balance
2061;2026;balance
2062;2026;balance
2080;2026;balance
2081;2026;balance
2082;2026;balance
2083;2026;shortage
2084;2026;surplus
2085;2026;balance
2101;2026;surplus
2104;2026;surplus
2121;2026;surplus
2132;2026;balance
2161;2026;balance
2180;2026;balance
2181;2026;surplus
2182;2026;surplus
2183;2026;balance
2184;2026;balance
2260;2026;balance
2262;2026;balance
2280;2026;balance
2281;2026;balance
2282;2026;surplus
2283;2026;balance
2284;2026;balance
2303;2026;balance
2305;2026;surplus
2309;2026;balance
2313;2026;surplus
2321;2026;shortage
2326;2026;balance
2361;2026;balance
2380;2026;shortage
2401;2026;shortage
2403;2026;shortage
2404;2026;shortage
2409;2026;balance
2417;2026;balance
2418;2026;balance
2421;2026;surplus
2422;2026;shortage
2425;2026;balance
2460;2026;shortage
2462;2026;surplus
2463;2026;balance
2480;2026;shortage
2481;2026;surplus
2482;2026;surplus
2505;2026;balance
2506;2026;balance
2510;2026;balance
2513;2026;shortage
2514;2026;surplus
2518;2026;balance
2521;2026;balance
2523;2026;balance
2560;2026;shortage
2580;2026;shortage
2581;2026;shortage
2582;2026;shortage
2583;2026;surplus
2584;2026;shortage
