lan;year;sold;value_sek
01;2010;230;2095187708
01;2011;179;756622917
01;2012;152;261581279
01;2013;200;357079843
01;2014;190;365511185
01;2015;121;294403000
01;2016;115;256678550
01;2017;105;281593000
01;2018;106;263866430
01;2019;119;283445000
01;2020;137;417607000
01;2021;120;334334000
01;2022;117;310306500
01;2023;156;376854000
01;2024;170;411459000
01;2025;190;561607667
03;2010;24;19033000
03;2011;23;61037000
03;2012;28;13575000
03;2013;42;42079000
03;2014;31;49805330
03;2015;38;34968000
03;2016;22;29570000
03;2017;26;27270000
03;2018;26;33308000
03;2019;23;28258000
03;2020;25;31121000
03;2021;30;78185000
03;2022;30;57210000
03;2023;33;59087000
03;2024;45;66579755
03;2025;40;46696000
04;2010;41;25905159
04;2011;32;192444183
04;2012;18;9868240
04;2013;38;26717000
04;2014;27;40556294
04;2015;21;31535000
04;2016;21;16244217
04;2017;21;18921000
04;2018;31;28621000
04;2019;28;23853000
04;2020;24;28713000
04;2021;21;27617000
04;2022;28;32077000
04;2023;14;12850000
04;2024;25;30442534
04;2025;24;26615000
05;2010;34;19208501
05;2011;22;44690000
05;2012;16;10352000
05;2013;35;22386250
05;2014;32;30357000
05;2015;21;15421000
05;2016;16;9066000
05;2017;14;14441000
05;2018;24;55367000
05;2019;27;24791000
05;2020;20;22695000
05;2021;34;30755000
05;2022;17;18846000
05;2023;24;33890000
05;2024;22;30226000
05;2025;22;26515000
06;2010;27;19379861
06;2011;27;34593104
06;2012;20;11681000
06;2013;34;19048000
06;2014;22;12153000
06;2015;24;8834000
06;2016;20;23109000
06;2017;11;14255739
06;2018;28;21884000
06;2019;33;25129000
06;2020;32;58471850
06;2021;21;17295000
06;2022;23;29435000
06;2023;16;27840000
06;2024;18;15431000
06;2025;24;18529977
07;2010;22;21400000
07;2011;34;367079000
07;2012;17;12132000
07;2013;13;3095000
07;2014;31;20180000
07;2015;27;38367363
07;2016;21;27199200
07;2017;19;12324000
07;2018;17;10018471
07;2019;20;9136000
07;2020;16;20812000
07;2021;17;19242000
07;2022;14;8824000
07;2023;19;9450000
07;2024;14;29365000
07;2025;17;10535000
08;2010;32;16503000
08;2011;47;95314688
08;2012;22;8711081
08;2013;36;17659847
08;2014;45;24311536
08;2015;26;14919000
08;2016;40;35431000
08;2017;24;13734500
08;2018;19;63670000
08;2019;60;32847000
08;2020;31;26139000
08;2021;49;48122000
08;2022;26;11460773
08;2023;36;17619000
08;2024;25;23789000
08;2025;34;27990000
09;2010;10;5660000
09;2011;4;1645000
09;2012;9;21905000
09;2013;4;4656000
09;2014;7;8060000
09;2016;6;6635000
09;2017;5;4542500
09;2018;7;61260000
09;2019;3;2040000
09;2020;7;10900000
09;2021;2;4650000
09;2022;5;6942000
09;2023;3;7395000
09;2024;4;6050000
09;2025;6;6367500
10;2010;16;12204000
10;2011;18;20623000
10;2012;14;4902000
10;2013;18;7308500
10;2014;30;33944500
10;2015;21;6040000
10;2016;25;19310000
10;2017;12;6522000
10;2018;8;6855000
10;2019;12;10205000
10;2020;12;24812000
10;2021;14;12290000
10;2022;12;9695000
10;2023;13;14565000
10;2024;18;20530000
10;2025;20;23910000
12;2010;275;459830771
12;2011;210;651554565
12;2012;201;140897500
12;2013;219;303147338
12;2014;248;188864500
12;2015;197;200730500
12;2016;160;143018000
12;2017;141;172337400
12;2018;111;106718923
12;2019;161;178240000
12;2020;161;243119999
12;2021;119;136385352
12;2022;120;150866500
12;2023;85;115272000
12;2024;130;191818000
12;2025;134;212030500
13;2010;30;26355000
13;2011;21;43505000
13;2012;22;16155000
13;2013;32;33717000
13;2014;31;67054000
13;2015;29;23995963
13;2016;21;22726713
13;2017;21;20412192
13;2018;10;31115000
13;2019;23;34948719
13;2020;19;30125000
13;2021;23;28835000
13;2022;10;9161000
13;2023;24;29430774
13;2024;18;35585000
13;2025;21;33159260
14;2010;152;135614937
14;2011;166;2769873400
14;2012;115;119577547
14;2013;126;154548817
14;2014;140;392003228
14;2015;142;154193702
14;2016;108;128845244
14;2017;98;141728470
14;2018;83;107738000
14;2019;106;127388050
14;2020;95;114594500
14;2021;103;133022800
14;2022;107;152729000
14;2023;87;152644500
14;2024;116;179126100
14;2025;126;171213500
17;2010;73;30731262
17;2011;54;45168600
17;2012;35;11300613
17;2013;59;19678385
17;2014;43;17368000
17;2015;49;21206001
17;2016;49;17451156
17;2017;41;15042500
17;2018;40;14332630
17;2019;42;21724000
17;2020;32;14626000
17;2021;34;33299500
17;2022;36;25793217
17;2023;46;51397000
17;2024;40;17603000
17;2025;37;18062000
18;2010;26;9249894
18;2011;35;12768000
18;2012;25;20112604
18;2013;31;11260000
18;2014;23;17282000
18;2015;28;16372100
18;2016;26;14428000
18;2017;25;11047406
18;2018;24;18951000
18;2019;31;13368000
18;2020;16;10785000
18;2021;33;30441000
18;2022;30;29652000
18;2023;28;50815000
18;2024;25;19072000
18;2025;16;10430000
19;2010;58;57510128
19;2011;28;16494415
19;2012;29;7862406
19;2013;32;8245806
19;2014;31;18555000
19;2015;32;23933500
19;2016;29;14186900
19;2017;30;33611000
19;2018;31;60005000
19;2019;25;48140000
19;2020;19;15020000
19;2021;25;20638000
19;2022;20;12725000
19;2023;27;22010000
19;2024;34;22786000
19;2025;27;51951000
20;2010;37;27327000
20;2011;34;17384100
20;2012;29;18452000
20;2013;31;20561925
20;2014;43;23868158
20;2015;26;21236000
20;2016;26;9666900
20;2017;31;16369500
20;2018;37;17090000
20;2019;27;19189000
20;2020;26;18988000
20;2021;23;33918000
20;2022;25;28225000
20;2023;35;25441000
20;2024;43;31615000
20;2025;55;33670926
21;2010;41;14528897
21;2011;37;353635500
21;2012;29;12296000
21;2013;21;11626000
21;2014;40;17601226
21;2015;34;14596000
21;2016;31;13748000
21;2017;30;18529512
21;2018;32;21814000
21;2019;31;24278446
21;2020;31;20098000
21;2021;46;46197000
21;2022;28;29539000
21;2023;26;20804000
21;2024;37;28207413
21;2025;40;23146000
22;2010;32;6037700
22;2011;28;58873000
22;2012;34;8538000
22;2013;33;8895434
22;2014;34;9774995
22;2015;27;9016500
22;2016;41;21180060
22;2017;32;11614500
22;2018;35;13252000
22;2019;28;15662200
22;2020;50;23893500
22;2021;49;26473000
22;2022;35;22182000
22;2023;43;23487746
22;2024;40;20656000
22;2025;23;14922528
23;2010;21;4705340
23;2011;23;10325000
23;2012;20;9747130
23;2013;28;10934638
23;2014;30;18015000
23;2015;23;8989000
23;2016;24;22498279
23;2017;22;11219000
23;2018;23;11793500
23;2019;35;12156000
23;2020;23;16767500
23;2021;23;19292690
23;2022;23;11210000
23;2023;16;9095000
23;2024;26;20636000
23;2025;16;16777000
24;2010;24;11422000
24;2011;25;24706000
24;2012;30;8984000
24;2013;26;8590002
24;2014;21;7368000
24;2015;26;19182000
24;2016;21;10859945
24;2017;30;16391685
24;2018;23;21885000
24;2019;25;17825000
24;2020;30;14757000
24;2021;23;13976500
24;2022;21;15275000
24;2023;18;16983000
24;2024;23;28286500
24;2025;23;43180000
25;2010;26;16117400
25;2011;44;28836324
25;2012;12;6769000
25;2013;21;9297000
25;2014;26;7779430
25;2015;19;8405000
25;2016;29;9510001
25;2017;26;8589000
25;2018;21;12625000
25;2019;24;20388100
25;2020;27;29427500
25;2021;24;19280000
25;2022;26;21310000
25;2023;22;22580191
25;2024;30;19502500
25;2025;25;50377000
