id;name;label_short;type;status;open_year;open_window;budget_msek;price_base;agency;kommuner;stations;source_url;source_doc;notes
blekinge-kustbana-motesspar;Blekinge kustbana, mötesspår och hastighetshöjning;Blekinge kustbana;rail;decided;2027;;143;2025-02;Trafikverket;Bromölla|Sölvesborg|Ronneby|Karlskrona;;https://www.trafikverket.se/vara-projekt/projekt-i-blekinge-lan/blekinge-kustbana-strackan-kristianstad-karlskrona/;https://bransch.trafikverket.se/contentassets/2fca968f05c545d59749ce9d442e117a/bilaga1_nationell_plan_for_transportinfrastrukturen_2026-2037-webb.xlsx;Byggstart autumn 2026, complete December 2027. New passing siding at Bredåkra plus switch and track work along the 129 km Kristianstad–Karlskrona line.
e10-morjarv-svartbyn;E10, Morjärv–Västra Svartbyn, mötesfri väg (etapp 1);E10 Morjärv–Svartbyn;road;construction;2029;;963;2025-02;Trafikverket;Kalix|Överkalix;;https://www.trafikverket.se/vara-projekt/projekt-i-norrbottens-lan/e10-morjarvvastra-svartbyn-motesfri-vag/;https://bransch.trafikverket.se/contentassets/2fca968f05c545d59749ce9d442e117a/bilaga1_nationell_plan_for_transportinfrastrukturen_2026-2037-webb.xlsx;~23.5 km in total. Only the Grannäs–Västra Svartbyn section has a schedule: byggstart autumn 2026, complete 2029. Morjärv–Grannäs has no timeline.
e16-borlange-djuras;E16/väg 70, Borlänge–Djurås, mötesfri väg;E16 Borlänge–Djurås;road;construction;;;1029;2025-02;Trafikverket;Borlänge|Gagnef;;https://www.trafikverket.se/vara-projekt/projekt-i-dalarnas-lan/e16vag-70-borlangedjuras-motesfri-vag/;https://bransch.trafikverket.se/contentassets/2fca968f05c545d59749ce9d442e117a/bilaga1_nationell_plan_for_transportinfrastrukturen_2026-2037-webb.xlsx;"Three phases. Etapp 1 finished autumn 2023; etapp 2 paused and under cost review with completion expected autumn 2026; etapp 3 byggstart spring 2027. No whole-project completion year is published. Gagnef is derived from Djurås, not named on the page."
e20-forbi-mariestad;E20 förbi Mariestad;E20 f. Mariestad;road;construction;2029;;2252;2025-02;Trafikverket;Mariestad;;https://www.trafikverket.se/vara-projekt/projekt-i-vastra-gotalands-lan/e20-motesfri-vag-vastra-gotaland/e20-forbi-mariestad/;https://bransch.trafikverket.se/contentassets/2fca968f05c545d59749ce9d442e117a/bilaga1_nationell_plan_for_transportinfrastrukturen_2026-2037-webb.xlsx;"Two phases: Hindsberg–Muggebo 2024–2027 and Muggebo–Tjos 2025–2029. The project page states 1 400 MSEK in 2013 price level; 2 252 MSEK is the plan's 2025-02 total."
e20-gotene-mariestad;E20 Götene–Mariestad;E20 Götene–Mariestad;road;construction;2028;;1607;2025-02;Trafikverket;Götene|Mariestad;;https://www.trafikverket.se/vara-projekt/projekt-i-vastra-gotalands-lan/e20-motesfri-vag-vastra-gotaland/e20-gotene-mariestad/;https://bransch.trafikverket.se/contentassets/2fca968f05c545d59749ce9d442e117a/bilaga1_nationell_plan_for_transportinfrastrukturen_2026-2037-webb.xlsx;"20 km to 2+2 motorway; byggstart 2025, complete autumn 2028. The project page states 1 150 MSEK in 2013 price level — nearly 13 years stale; 1 607 MSEK is the plan's 2025-02 total."
e22-bjorketorp-nattraby;E22 Björketorp (Ronneby Ö)–Nättraby;E22 Björketorp–Nättraby;road;decided;;;1473;2025-02;Trafikverket;Ronneby|Karlskrona;;https://www.regeringen.se/pressmeddelanden/2026/04/regeringen-ger-gront-ljus-till-flera-storre-infrastrukturprojekt/;https://bransch.trafikverket.se/contentassets/2fca968f05c545d59749ce9d442e117a/bilaga1_nationell_plan_for_transportinfrastrukturen_2026-2037-webb.xlsx;"Byggstart clearance 24 April 2026; motorway conversion. The government release states no years or costs. A Trafikverket project page exists but was not fetched, so the release is the cited source."
e22-forbi-soderkoping;E22, förbifart Söderköping;E22 Söderköping;road;construction;2030;;2239;2025-02;Trafikverket;Söderköping;;https://www.trafikverket.se/vara-projekt/projekt-i-ostergotlands-lan/E22-forbifart-soderkoping/;https://bransch.trafikverket.se/contentassets/2fca968f05c545d59749ce9d442e117a/bilaga1_nationell_plan_for_transportinfrastrukturen_2026-2037-webb.xlsx;Byggstart autumn 2026, opening summer 2030. All level crossings grade-separated.
e4-e20-hallunda-varby;E4/E20 Hallunda–Vårby, delen Fittja–Vårby, kapacitetsförstärkning;E4/E20 Fittja–Vårby;road;decided;;;1332;2025-02;Trafikverket;Botkyrka|Huddinge;;https://www.regeringen.se/pressmeddelanden/2026/04/regeringen-ger-gront-ljus-till-flera-storre-infrastrukturprojekt/;https://bransch.trafikverket.se/contentassets/2fca968f05c545d59749ce9d442e117a/bilaga1_nationell_plan_for_transportinfrastrukturen_2026-2037-webb.xlsx;"Byggstart clearance 24 April 2026; widening to 4+4 lanes as a consequence of Förbifart Stockholm. The adjoining Hallunda–Fittja section (1 004 MSEK, plan phase 'Förberedelse för byggstart') is planned for construction 2031–2034 per its own project page, which was last updated 2023-03-20."
e4-forbifart-skelleftea;E4, förbifart Skellefteå;E4 f. Skellefteå;road;study;;;2439;2025-02;Trafikverket;Skellefteå;;https://www.trafikverket.se/vara-projekt/projekt-i-vasterbottens-lan/e4-forbifart-skelleftea/;https://bransch.trafikverket.se/contentassets/2fca968f05c545d59749ce9d442e117a/bilaga1_nationell_plan_for_transportinfrastrukturen_2026-2037-webb.xlsx;"Corridor 'Östra leden' chosen May 2025; road plan expected 2030, byggstart preliminarily 2031. The plan allocates 0 kr inside 2026–2037, so the 2 439 MSEK sits beyond the plan period."
e4-forbifart-stockholm;E4 Förbifart Stockholm;Förbifart Sthlm;road;construction;2030;;58076;2025-02;Trafikverket;Stockholm|Huddinge|Sollentuna|Ekerö;;https://www.trafikverket.se/vara-projekt/projekt-i-stockholms-lan/e4-forbifart-stockholm/;https://bransch.trafikverket.se/contentassets/2fca968f05c545d59749ce9d442e117a/bilaga1_nationell_plan_for_transportinfrastrukturen_2026-2037-webb.xlsx;"21 km, over 18 km in tunnel, Kungens kurva–Häggvik. Häggvik–Hjulsta opens 2026, full completion 2030. The project page states 51,0–53,5 miljarder with 51,5 likely in 2021 price level; 58 076 MSEK is the plan's total object cost in 2025-02. The page names five kommuner but does not list them — the four given are derived from place names on the page."
e4-kongberget-gnarp;E4, Kongberget–Gnarp, mötesfri väg;E4 Kongberget–Gnarp;road;decided;;;2741;2025-02;Trafikverket;Nordanstig;;https://www.trafikverket.se/vara-projekt/projekt-i-gavleborgs-lan/e4-kongbergetgnarp-motesfri-vag-i-nordanstigs-kommun/;https://bransch.trafikverket.se/contentassets/2fca968f05c545d59749ce9d442e117a/bilaga1_nationell_plan_for_transportinfrastrukturen_2026-2037-webb.xlsx;"Byggstart clearance from the government 24 April 2026; project page gives byggstart preliminarily 2029 and no completion year. ~22 km, 2+1, 110 km/h."
e45-jarnvagen-overdackning;Järnvågen med överdäckning av E45;E45 Järnvågen;road;construction;2026;;326;2025-02;Trafikverket;Göteborg;;https://www.trafikverket.se/vara-projekt/projekt-i-vastra-gotalands-lan/e45-jarnvagen/;https://bransch.trafikverket.se/contentassets/2fca968f05c545d59749ce9d442e117a/bilaga1_nationell_plan_for_transportinfrastrukturen_2026-2037-webb.xlsx;Byggstart summer 2024, complete 2026. Plan footnote (3): 0 kr from the planning frame, presupposes full funding from other parties.
e45-vattnas-trunna;E45, Vattnäs–Trunna;E45 Vattnäs–Trunna;road;decided;2030;;621;2025-02;Trafikverket;Orsa;;https://www.trafikverket.se/vara-projekt/projekt-i-dalarnas-lan/e45-vattnas-trunna-ny-vagstrackning/;https://bransch.trafikverket.se/contentassets/2fca968f05c545d59749ce9d442e117a/bilaga1_nationell_plan_for_transportinfrastrukturen_2026-2037-webb.xlsx;"Road plan established 2025; byggstart earliest 2027, complete 2030. Rebuild to 2+1 with median barrier."
e65-svedala-borringe;E65 Svedala–Börringe;E65 Svedala–Börringe;road;decided;;;701;2025-02;Trafikverket;Svedala;;https://www.trafikverket.se/vara-projekt/projekt-i-skane-lan/e65-svedalaborringe-motorvagsutbyggnad/;https://bransch.trafikverket.se/contentassets/2fca968f05c545d59749ce9d442e117a/bilaga1_nationell_plan_for_transportinfrastrukturen_2026-2037-webb.xlsx;"Road plan legally binding, government byggstart decision taken; byggstart planned 2027, no completion year published. ~5.4 km."
goteborg-alingsas-hogre-kapacitet;Västra stambanan, Göteborg–Alingsås, högre kapacitet hela sträckan;Göteborg–Alingsås;rail;study;;;26447;2025-02;Trafikverket;Göteborg|Alingsås;;https://bransch.trafikverket.se/for-dig-i-branschen/Planera-och-utreda/langsiktig-planering-av-infrastruktur/nationell-plan/nationell-plan-2026-2037/;https://bransch.trafikverket.se/contentassets/2fca968f05c545d59749ce9d442e117a/bilaga1_nationell_plan_for_transportinfrastrukturen_2026-2037-webb.xlsx;"Plan object JVA2201, phase 'Planering', 4 215 MSEK of 26 447 inside 2026–2037. No dedicated project page exists yet; the separate page 'Västra stambanan, Göteborg–Alingsås' covers a 2025–2027 renewal programme (Lerum station to four tracks, power supply, tunnels), not this investment."
goteborg-boras;Ny järnväg Göteborg–Borås och bibana Mölnlycke;Göteborg–Borås;rail;decided;;;59161;2025-02;Trafikverket;Göteborg|Mölndal|Härryda|Bollebygd|Borås;Mölndal|Göteborg Landvetter flygplats|Borås|Mölnlycke;https://www.trafikverket.se/vara-projekt/projekt-i-vastra-gotalands-lan/Goteborg-Boras/;https://bransch.trafikverket.se/contentassets/2fca968f05c545d59749ce9d442e117a/bilaga1_nationell_plan_for_transportinfrastrukturen_2026-2037-webb.xlsx;"Government approval 11 June 2026; byggstart 2029–2031 and about ten years' construction, but no opening year is published, so open_year is blank. Page states ~59 bn in 2025 price level, which matches the plan. Future stations at Bollebygd and Landvetter södra are mentioned but not funded."
goteborg-sparvag-brunnsbo-linne;Göteborg, spårväg och citybuss Brunnsbo–Linné via Lindholmen;Brunnsbo–Linné;tram;decided;2039;;7233;2025-02;Göteborgs Stad;Göteborg;Lindholmen|Stigberget|Linnéplatsen;https://www.goteborg.se/wps/portal?uri=gbglnk%3A2023914113145854;https://bransch.trafikverket.se/contentassets/2fca968f05c545d59749ce9d442e117a/bilaga1_nationell_plan_for_transportinfrastrukturen_2026-2037-webb.xlsx;"2039 is the opening of the Lindholmsförbindelsen tunnel (byggstart 2031, preparatory works 2027); the city's own figure for that tunnel alone is 4 240 MSEK in 2014 price level. The 7 233 MSEK is plan object SVF1806 for the wider Brunnsbo–Linné programme. The Frihamnen–Lindholmen tram section opened December 2025."
hallsberg-degeron-dubbelspar;Godsstråket genom Bergslagen, dubbelspår Hallsberg–Degerön;Hallsberg–Degerön;rail;construction;2031;;10900;2025;Trafikverket;Hallsberg;;https://www.trafikverket.se/vara-projekt/projekt-som-stracker-sig-over-flera-lan/hallsberg-degeron/;;"Five of six sub-stretches finished; the last, Hallsberg–Stenkumla, runs 2023–2031. Page states 10,9 miljarder in 2025 års prisnivå (month not given, hence price_base '2025'). The adopted plan carries a narrower object 'Godsstråket Hallsberg–Åsbro, dubbelspår' at 6 191 MSEK in 2025-02. Only Hallsberg kommun is named on the page."
hassleholm-lund-tva-nya-spar;Hässleholm–Lund, två nya spår;Hässleholm–Lund;rail;study;;;32308;2025-02;Trafikverket;Hässleholm|Lund;Hässleholm|Stångby|Klostergården;https://www.trafikverket.se/vara-projekt/projekt-i-skane-lan/hassleholm-lund-tva-nya-spar/;https://bransch.trafikverket.se/contentassets/2fca968f05c545d59749ce9d442e117a/bilaga1_nationell_plan_for_transportinfrastrukturen_2026-2037-webb.xlsx;"Byggstart from 2034; the page states traffic start is 'svårbedömd' because alignment, staging and method are undecided, so open_year is blank. The page's own figure is 28 miljarder in 2021 price level. A sub-project 'Lund, fyra spår' (Klostergården–Stångby) is in early consultation."
hogdalsdepan;Högdalsdepån, utbyggnad;Högdalsdepån;metro;construction;2026;;;;Region Stockholm;Stockholm;;https://nyatunnelbanan.se/depa;;"Depot expansion plus a 2.5 km new tunnel to the Farsta branch; enabling works for the metro extensions rather than a passenger line."
karlstad-c-ombyggnad;Laxå–Arvika, Karlstad C;Karlstad C;rail;opened;2026;;;;Trafikverket;Karlstad;Karlstad C;https://www.trafikverket.se/vara-projekt/projekt-i-varmlands-lan/karlstad-c2/;;"New tracks, an island platform, the Trädgårdslänken footbridge and the Vikenpassagen tunnel. Byggstart February 2023, Vikenpassagen inaugurated 4 May 2026; Trafikverket's part is finished."
kiruna-ny-jarnvagsstation;Kiruna, ny järnvägsstation;Kiruna station;rail;study;;;1405;2025-02;Trafikverket;Kiruna;Kiruna;https://www.trafikverket.se/vara-projekt/projekt-i-norrbottens-lan/kiruna-ny-jarnvagsstation/;https://bransch.trafikverket.se/contentassets/2fca968f05c545d59749ce9d442e117a/bilaga1_nationell_plan_for_transportinfrastrukturen_2026-2037-webb.xlsx;"Railway plan submitted for approval; byggstart 'ej bestämd'. Moves the temporary station to the new centre. Plan footnote (3): the object gets 0 kr from the planning frame and presupposes full funding from other parties."
lommabanan-etapp-2;Malmöpendeln Lommabanan, etapp 2;Lommabanan et. 2;rail;decided;2027;;378;2025-02;Trafikverket;Kävlinge|Lomma|Burlöv;Alnarp|Flädie;https://www.trafikverket.se/vara-projekt/projekt-i-skane-lan/Lommabanan/;https://bransch.trafikverket.se/contentassets/2fca968f05c545d59749ce9d442e117a/bilaga1_nationell_plan_for_transportinfrastrukturen_2026-2037-webb.xlsx;"Railway plan established, contractor procurement under way; full line closure summer 2027 and opening December 2027. Etapp 1 (stations Lomma and Furulund) opened December 2020."
malmo-c-fler-plattformsspar;Malmö C, fler plattformsspår;Malmö C plattformar;rail;decided;2029;;201;2025-02;Trafikverket;Malmö;Malmö C;https://www.regeringen.se/pressmeddelanden/2026/04/regeringen-ger-gront-ljus-till-flera-storre-infrastrukturprojekt/;https://bransch.trafikverket.se/contentassets/2fca968f05c545d59749ce9d442e117a/bilaga1_nationell_plan_for_transportinfrastrukturen_2026-2037-webb.xlsx;"Byggstart decision 24 April 2026. Two new platform tracks ahead of the Fehmarn Belt opening; byggstart brought forward to 2027 with completion 2029 per secondary reporting — the government release itself gives no years, so the 2029 is medium confidence."
norrbotniabanan-dava-skelleftea;Norrbotniabanan, Dåva–Skellefteå;Nbb Dåva–Skellefteå;rail;construction;2036;;21008;2025-02;Trafikverket;Umeå|Robertsfors|Skellefteå;Sävar|Robertsfors|Bureå|Skellefteå;https://www.trafikverket.se/vara-projekt/projekt-som-stracker-sig-over-flera-lan/norrbotniabanan/;https://bransch.trafikverket.se/contentassets/2fca968f05c545d59749ce9d442e117a/bilaga1_nationell_plan_for_transportinfrastrukturen_2026-2037-webb.xlsx;Opening 2036 per the project page. The station list is Trafikverket's for the whole line, split between the stretches by geography — see caveat 3 below.
norrbotniabanan-skelleftea-lulea;Norrbotniabanan, Skellefteå–Luleå, ny järnväg;Nbb Skellefteå–Luleå;rail;study;;;37488;2025-02;Trafikverket;Skellefteå|Piteå|Luleå;Byske|Piteå|Norrfjärden|Luleå;https://www.trafikverket.se/vara-projekt/projekt-som-stracker-sig-over-flera-lan/norrbotniabanan/;https://bransch.trafikverket.se/contentassets/2fca968f05c545d59749ce9d442e117a/bilaga1_nationell_plan_for_transportinfrastrukturen_2026-2037-webb.xlsx;Still in planering in the adopted plan, with 14 353 of the 37 488 MSEK falling inside 2026–2037. The whole Norrbotniabanan is stated at 62 bn SEK in 2025 price level, which the three plan objects sum to.
norrbotniabanan-umea-dava;Norrbotniabanan, Umeå–Dåva;Nbb Umeå–Dåva;rail;construction;2026;;2679;2025-02;Trafikverket;Umeå;;https://www.trafikverket.se/vara-projekt/projekt-som-stracker-sig-over-flera-lan/norrbotniabanan/;https://bransch.trafikverket.se/contentassets/2fca968f05c545d59749ce9d442e117a/bilaga1_nationell_plan_for_transportinfrastrukturen_2026-2037-webb.xlsx;"First stretch; page states 'År 2026 kan tågen köra mellan Umeå och Dåva'. Earlier plans had this section opening in 2024."
olskroken-planskildhet;Olskroken planskildhet;Olskroken;rail;opened;2026;;4000;2020;Trafikverket;Göteborg;;https://www.trafikverket.se/vara-projekt/projekt-i-vastra-gotalands-lan/olskroken-planskildhet/;;"Grade separation handed over to Trafikverket's maintenance organisation; the Västlänken tracks through it go live in 2026. Source page last updated 2022-08-02, so both the year and the ~4 bn SEK are stale — low confidence."
ostkustbanan-dingersjo-sundsvall;Ostkustbanan, Sundsvall C–Dingersjö, dubbelspårsutbyggnad;Dingersjö–Sundsvall;rail;construction;2032;;4942;2025-02;Trafikverket;Sundsvall;;https://www.trafikverket.se/vara-projekt/projekt-i-vasternorrlands-lan/dingersjo--sundsvall-dubbelspar/;https://bransch.trafikverket.se/contentassets/2fca968f05c545d59749ce9d442e117a/bilaga1_nationell_plan_for_transportinfrastrukturen_2026-2037-webb.xlsx;12.5 km. Budget is the sum of two plan objects (Sundsvall C–Kubikenborg 877 + Kubikenborg–Dingersjö 4 065). The project page says 'cirka 4,5 miljarder' without a price base. Byggstart 2025 and 2028 respectively, both complete 2032.
ostkustbanan-fyra-spar-uppsala;Ostkustbanan, fyra spår Uppsala–länsgränsen Uppsala/Stockholm;Fyra spår Uppsala;rail;decided;2034;;17161;2025-02;Trafikverket;Uppsala|Knivsta|Sigtuna;Bergsbrunna|Alsike;https://www.trafikverket.se/vara-projekt/projekt-i-uppsala-lan/fyra-spar-uppsala/;https://bransch.trafikverket.se/contentassets/2fca968f05c545d59749ce9d442e117a/bilaga1_nationell_plan_for_transportinfrastrukturen_2026-2037-webb.xlsx;~23 km of two extra tracks, opening 2034 for both sub-stretches. Byggstart earliest late 2026 (Söder Bergsbrunna–Uppsala C) and earliest 2028 (länsgränsen–Söder Bergsbrunna).
ostkustbanan-gavle-kringlan;Ostkustbanan, Gävle–Kringlan (Axmartavlan), nytt dubbelspår;Gävle–Kringlan;rail;decided;;;11275;2025-02;Trafikverket;Gävle;;https://www.trafikverket.se/vara-projekt/projekt-i-gavleborgs-lan/gavlekringlan-axmartavlan-nytt-dubbelspar-ostkustbanan-norra-stambanan-och-bergslagsbanan/;https://bransch.trafikverket.se/contentassets/2fca968f05c545d59749ce9d442e117a/bilaga1_nationell_plan_for_transportinfrastrukturen_2026-2037-webb.xlsx;Classified 'Förberedelse för byggstart' in the plan, but the project page says an analysis is running through autumn 2026 and gives no byggstart or opening year. Has ~39 MSEK EU co-funding for system documentation.
ostlanken;Ostlänken, nytt dubbelspår Järna–Linköping;Ostlänken;rail;construction;2035;;106226;2025-02;Trafikverket;Södertälje|Trosa|Nyköping|Norrköping|Linköping;Vagnhärad|Nyköping|Skavsta|Norrköping|Linköping;https://www.trafikverket.se/vara-projekt/projekt-som-stracker-sig-over-flera-lan/ostlanken-en-ny-dubbelsparig-jarnvag/;https://bransch.trafikverket.se/contentassets/2fca968f05c545d59749ce9d442e117a/bilaga1_nationell_plan_for_transportinfrastrukturen_2026-2037-webb.xlsx;"~150 km for 250 km/h; construction 2024–2034, traffic 2035. Plan cost excluding co-financing is 102 825 MSEK, matching the project page's '102,8 miljarder i 2025 års prisnivå'; 106 226 adds co-financing. Footnote (7) in the plan records that the pre-decision cost ceiling was 91,4 bn in price base 2021-02."
ostlig-forbindelse-utredning;Östlig förbindelse, utredning;Östlig förbindelse;road;study;;;1000;2025-02;Trafikverket;;;https://bransch.trafikverket.se/for-dig-i-branschen/Planera-och-utreda/langsiktig-planering-av-infrastruktur/nationell-plan/nationell-plan-2026-2037/;https://bransch.trafikverket.se/contentassets/2fca968f05c545d59749ce9d442e117a/bilaga1_nationell_plan_for_transportinfrastrukturen_2026-2037-webb.xlsx;Plan object VOR2606. The 1 000 MSEK funds the study only, not construction — do not present it as a project budget. No kommuner are named in the plan row.
roslagsbanan-till-city;Roslagsbanan till City, förlängning och nya stationer;Roslagsbanan City;rail;decided;;;9426;2025-02;Region Stockholm;Stockholm|Täby|Vallentuna|Österåker;Odenplan|T-Centralen;https://www.regionstockholm.se/kollektivtrafik/projekt-inom-kollektivtrafiken/sparvagnlokalbana/roslagsbanan-till-city/;https://bransch.trafikverket.se/contentassets/2fca968f05c545d59749ce9d442e117a/bilaga1_nationell_plan_for_transportinfrastrukturen_2026-2037-webb.xlsx;~4 km tunnel from Universitetet via Odenplan to T-Centralen. Page gives preparatory works from 2028 and main works from 2030 but states no traffic start, so open_year is blank.
sparvag-lund-c-ess;Spårväg Lund C–ESS;Spårväg Lund;tram;opened;2020;;1066;2025-02;Lunds kommun;Lund;Lund C|Universitetssjukhuset|LTH|Ideontorget|Telefonplan|Solbjer|Brunnshögstorget|MAX IV|ESS;https://lund.se/stadsutveckling-och-trafik/kollektivtrafik/sparvag-lund-c-till-ess;https://bransch.trafikverket.se/contentassets/2fca968f05c545d59749ce9d442e117a/bilaga1_nationell_plan_for_transportinfrastrukturen_2026-2037-webb.xlsx;"Opened December 2020, 5.5 km double track. lund.se states the municipality's own investment as ~890 MSEK with 373 MSEK state funding, price base not given; the plan's total object cost is 1 066 MSEK in 2025-02."
sparvag-syd;Spårväg syd, Flemingsberg–Skärholmen (etapp 1);Spårväg syd;tram;decided;;;7245;2025-02;Region Stockholm;Huddinge|Stockholm;;https://www.regionstockholm.se/sparvagsyd/;https://bransch.trafikverket.se/contentassets/2fca968f05c545d59749ce9d442e117a/bilaga1_nationell_plan_for_transportinfrastrukturen_2026-2037-webb.xlsx;Etapp 1 is ~10 km with eight stations, whose names the page does not publish. Full line Flemingsberg–Älvsjö is ~17 km. No byggstart or trafikstart on the page.
sundsvall-resecentrum;Sundsvall resecentrum, tillgänglighet och plattformar;Sundsvall C;rail;construction;2031;;1174;2025-02;Trafikverket;Sundsvall;Sundsvall C;https://www.trafikverket.se/vara-projekt/projekt-i-vasternorrlands-lan/sundsvall-tillganglighet-och-resecentrum/;https://bransch.trafikverket.se/contentassets/2fca968f05c545d59749ce9d442e117a/bilaga1_nationell_plan_for_transportinfrastrukturen_2026-2037-webb.xlsx;"New platforms and a glazed overbridge; construction 2023–2031, footbridge 2028–2030."
sydostlanken;Sydostlänken (Älmhult–Olofström–Karlshamn), elektrifiering och ny bana;Sydostlänken;rail;decided;;;7890;2025-02;Trafikverket;Älmhult|Olofström|Karlshamn;;https://www.trafikverket.se/vara-projekt/projekt-som-stracker-sig-over-flera-lan/sydostlanken/;https://bransch.trafikverket.se/contentassets/2fca968f05c545d59749ce9d442e117a/bilaga1_nationell_plan_for_transportinfrastrukturen_2026-2037-webb.xlsx;"Government cleared preparation for byggstart 4 July 2024; byggstart planned 2029. 41 km electrification Älmhult–Olofström plus 17 km of new track to Blekinge kustbana. No opening year published."
tunnelbana-akalla-barkarby;Tunnelbanans blå linje, Akalla–Barkarby;T-bana Barkarby;metro;construction;2027;;;;Region Stockholm;Stockholm|Järfälla;Barkarbystaden|Barkarby;https://nyatunnelbanan.se/barkarby/;;"Page states traffic start December 2027; 4 km extension from Akalla. No per-line budget is published — the 55.5 bn SEK (2016 price level) figure covers all of nya tunnelbanan."
tunnelbana-fridhemsplan-alvsjo;Tunnelbanans gula linje, Fridhemsplan–Älvsjö;T-bana Älvsjö;metro;construction;;;16337;2025-02;Region Stockholm;Stockholm;Fridhemsplan|Liljeholmen|Årstaberg|Årstafältet|Östbergahöjden|Älvsjö;https://nyatunnelbanan.se/gul-linje/;https://bransch.trafikverket.se/contentassets/2fca968f05c545d59749ce9d442e117a/bilaga1_nationell_plan_for_transportinfrastrukturen_2026-2037-webb.xlsx;Project page gives construction start 2026 and roughly nine years' build but no opening year, so open_year is left blank. Budget is plan object SVF1801 'Älvsjö-Fridhemsplan, tunnelbana och nya stationer'. Driverless trains and platform screen doors.
tunnelbana-kungstradgarden-nacka;Tunnelbanans blå linje, Kungsträdgården–Nacka;T-bana Nacka;metro;construction;2030;;;;Region Stockholm;Stockholm|Nacka;Sofia|Hammarby kanal|Sickla|Järla|Nacka;https://nyatunnelbanan.se/nacka-soderort;;"Nacka and Söderort share one project page and one stated traffic start of 2030; station Sofia serves both branches."
tunnelbana-odenplan-arenastaden;Tunnelbanans gröna linje, Odenplan–Arenastaden;T-bana Arenastaden;metro;construction;2028;;;;Region Stockholm;Stockholm|Solna;Hagastaden|Södra Hagalund|Arenastaden;https://nyatunnelbanan.se/arenastaden/;;"Page states traffic start 2028; which southern branch the line will run to (Gullmarsplan, Farsta or Skarpnäck) is not yet decided."
tunnelbana-soderort;Tunnelbanans blå linje till Söderort;T-bana Söderort;metro;construction;2030;;;;Region Stockholm;Stockholm;Sofia|Gullmarsplan|Slakthusområdet;https://nyatunnelbanan.se/nacka-soderort;;"Blue line takes over the Hagsätra branch; Gullmarsplan gets a new platform beneath the green line."
tvarforbindelse-sodertorn;E4/Lv 259 Tvärförbindelse Södertörn;Tvärförb. Södertörn;road;decided;;;23582;2025-02;Trafikverket;Huddinge|Haninge|Botkyrka;;https://www.trafikverket.se/vara-projekt/projekt-i-stockholms-lan/vag-259-tvarforbindelse-sodertorn/;https://bransch.trafikverket.se/contentassets/2fca968f05c545d59749ce9d442e117a/bilaga1_nationell_plan_for_transportinfrastrukturen_2026-2037-webb.xlsx;"Byggstart decision 28 April 2026; road plan legally binding January 2024. ~20 km Kungens kurva–Flemingsberg–Jordbro, about a quarter in tunnel. No opening year published. 19 502 of the 23 582 MSEK falls inside 2026–2037."
uppsala-sparvag;Uppsala spårväg;Uppsala spårväg;tram;construction;2029;;;;Uppsala kommun;Uppsala;;https://www.uppsala.se/bygga-och-bo/samhallsbyggnad-och-planering/samhallsbyggnad-och-arkitektur/uppsala-sparvag/;;Phase 2 (genomförande) began 2 July 2026. The 2029 opening is what the overview page states, but the page carries no update date and the dedicated timeline page 404s — treat the year as soft. The Ultunalänken component has no published completion date.
vanersjofarten-trollhatte-kanal;Vänersjöfarten, nya slussar i Trollhätte kanal/Göta älv;Slussar Trollhättan;other;decided;;2032–2034;8184;2025-02;Trafikverket och Sjöfartsverket;Trollhättan|Vänersborg|Lilla Edet;;https://www.trafikverket.se/vara-projekt/projekt-i-vastra-gotalands-lan/slussar-i-trollhatte-kanal/;https://bransch.trafikverket.se/contentassets/2fca968f05c545d59749ce9d442e117a/bilaga1_nationell_plan_for_transportinfrastrukturen_2026-2037-webb.xlsx;"Byggstart by site: Lilla Edet Q2 2027, Trollhättan Q2 2028, Vänersborg Q2 2029; all locks in operation 2032–2034. The project page states 6,1 miljarder in 2021 price level and explicitly says the current-price figure is not yet confirmed."
varbergstunneln;Varberg, dubbelspår (tunnel) inklusive resecentrum;Varbergstunneln;rail;opened;2025;;9916;2025-02;Trafikverket;Varberg;Varberg;https://www.trafikverket.se/vara-projekt/projekt-i-hallands-lan/varbergstunneln/;https://bransch.trafikverket.se/contentassets/2fca968f05c545d59749ce9d442e117a/bilaga1_nationell_plan_for_transportinfrastrukturen_2026-2037-webb.xlsx;"Opened 14 July 2025; 9 km double track with a 3 km city-centre tunnel and a relocated station. The project page states 8,6 miljarder in 2021 price level; 9 916 MSEK is the plan's total object cost in 2025-02 including co-financing from Varbergs kommun, Region Halland and Jernhusen."
varmlandsbanan-karlstad-kil;Värmlandsbanan, Karlstad–Kil, dubbelspår;Karlstad–Kil;rail;study;;;2100;2025-02;Trafikverket;Karlstad|Kil;;https://bransch.trafikverket.se/for-dig-i-branschen/Planera-och-utreda/langsiktig-planering-av-infrastruktur/nationell-plan/nationell-plan-2026-2037/;https://bransch.trafikverket.se/contentassets/2fca968f05c545d59749ce9d442e117a/bilaga1_nationell_plan_for_transportinfrastrukturen_2026-2037-webb.xlsx;Plan object JVA2219, phase 'Planering', fully inside the plan period. No dedicated project page found.
vastlanken;Västlänken;Västlänken;rail;construction;;2029–2032;;;Trafikverket;Göteborg;Göteborg Central|Haga|Korsvägen;https://www.trafikverket.se/vara-projekt/projekt-i-vastra-gotalands-lan/vastlanken/;;"Four new underground tracks at Göteborg C open 13 December 2026 as a terminus; Haga and Korsvägen open with the full tunnel, likely 2030 within a 2029–2032 span. Budget deliberately left blank — the Trafikverket page (last updated 2023-09-05) states two different 2009-price figures, see the disagreement section."
