kommun;year;value
0114;2015;-47603.947399
0114;2016;-47292.155567
0114;2017;-49159.062885
0114;2018;-51056.452144
0114;2019;-50488.244347
0114;2020;-51820.786707
0114;2021;-54958.490171
0114;2022;-57804.210142
0114;2023;-62284.893235
0114;2024;-65583.72911
0114;2025;-65821.50708
0115;2015;-46170.938851
0115;2016;-48584.505109
0115;2017;-63209.886963
0115;2018;-51651.501555
0115;2019;-52162.569669
0115;2020;-53015.76834
0115;2021;-53044.005139
0115;2022;-52789.475194
0115;2023;-53953.700536
0115;2024;-59151.5419
0115;2025;-59863.012924
0117;2015;-45149.062426
0117;2016;-46156.999977
0117;2017;-45525.266259
0117;2018;-48434.72151
0117;2019;-48633.431342
0117;2020;-45606.616071
0117;2021;-48790.873658
0117;2022;-51362.387562
0117;2023;-53757.071547
0117;2024;-56464.056882
0117;2025;-56048.81565
0120;2015;-46304.692631
0120;2016;-47092.214286
0120;2017;-48783.560446
0120;2018;-51911.863414
0120;2019;-51170.955556
0120;2020;-50525.238116
0120;2021;-52003.482436
0120;2022;-55134.855888
0120;2023;-58303.257071
0120;2024;-60423.866195
0120;2025;-62062.101672
0123;2015;-43785.34841
0123;2016;-43758.829221
0123;2017;-47740.154082
0123;2018;-49236.748216
0123;2019;-48324.028004
0123;2020;-51116.605557
0123;2021;-49860.466514
0123;2022;-53206.541072
0123;2023;-58026.236534
0123;2024;-59758.26869
0123;2025;-59864.97006
0125;2015;-49455.232731
0125;2016;-50775.158724
0125;2017;-54520.087918
0125;2018;-55503.921153
0125;2019;-58310.108052
0125;2020;-58406.904671
0125;2021;-61328.94556
0125;2022;-63440.133228
0125;2023;-68796.133019
0125;2024;-71549.360083
0125;2025;-69531.759686
0126;2015;-47747.851601
0126;2016;-49888.922985
0126;2017;-49778.824214
0126;2018;-51914.045577
0126;2019;-53196.07791
0126;2020;-53046.894042
0126;2021;-54765.223649
0126;2022;-56041.5444
0126;2023;-61462.175211
0126;2024;-64446.467315
0126;2025;-66125.909004
0127;2015;-50667.330165
0127;2016;-49722.966639
0127;2017;-52560.065271
0127;2018;-55151.741026
0127;2019;-56892.543813
0127;2020;-57917.688488
0127;2021;-57935.468642
0127;2022;-60099.021838
0127;2023;-65703.050464
0127;2024;-67624.638966
0127;2025;-65613.612403
0128;2015;-48212.833313
0128;2016;-50427.746013
0128;2017;-52472.667267
0128;2018;-55317.705231
0128;2019;-57870.029851
0128;2020;-56541.60033
0128;2021;-59763.157895
0128;2022;-62171.104195
0128;2023;-64624.376827
0128;2024;-66876.9635
0128;2025;-66954.001151
0136;2015;-45904.132783
0136;2016;-47313.526192
0136;2017;-48814.407579
0136;2018;-50227.705608
0136;2019;-52514.110429
0136;2020;-52518.603907
0136;2021;-51408.287859
0136;2022;-54659.449444
0136;2023;-61382.84328
0136;2024;-64829.307696
0136;2025;-59097.625434
0138;2015;-47449.855989
0138;2016;-49264.335605
0138;2017;-51200.215627
0138;2018;-53810.224148
0138;2019;-54447.478948
0138;2020;-54361.169317
0138;2021;-55998.777058
0138;2022;-59324.237006
0138;2023;-63016.736827
0138;2024;-66755.505399
0138;2025;-67078.799476
0139;2015;-47490.015123
0139;2016;-48141.842646
0139;2017;-50186.390961
0139;2018;-48529.69815
0139;2019;-53622.129081
0139;2020;-53168.372247
0139;2021;-55222.186474
0139;2022;-55561.297209
0139;2023;-63118.817983
0139;2024;-65859.407326
0139;2025;-60213.782138
0140;2015;-46072.115385
0140;2016;-46369.627782
0140;2017;-51676.360225
0140;2018;-52631.23684
0140;2019;-55973.215907
0140;2020;-55249.509891
0140;2021;-57672.347826
0140;2022;-59754.286694
0140;2023;-61394.069547
0140;2024;-65425.619835
0140;2025;-66723.433463
0160;2015;-43952.475799
0160;2016;-45315.928285
0160;2017;-46608.962432
0160;2018;-60091.712537
0160;2019;-47252.525253
0160;2020;-44114.15023
0160;2021;-45782.286526
0160;2022;-48051.505916
0160;2023;-51900.948683
0160;2024;-54726.152501
0160;2025;-50232.429885
0162;2015;-47629.900373
0162;2016;-45802.866505
0162;2017;-52171.308684
0162;2018;-54079.850544
0162;2019;-58306.783943
0162;2020;-57005.319149
0162;2021;-57270.219187
0162;2022;-60539.367429
0162;2023;-65175.390974
0162;2024;-67171.811874
0162;2025;-67501.169231
0163;2015;-47426.59891
0163;2016;-47572.687721
0163;2017;-48129.467765
0163;2018;-47765.938672
0163;2019;-51416.697131
0163;2020;-58495.553453
0163;2021;-49548.117378
0163;2022;-54163.988614
0163;2023;-56371.558797
0163;2024;-60444.424405
0163;2025;-56925.493061
0180;2015;-40937.209534
0180;2016;-39791.9324
0180;2017;-43409.659904
0180;2018;-44267.906177
0180;2019;-45026.351208
0180;2020;-44706.839519
0180;2021;-48967.26708
0180;2022;-51965.805465
0180;2023;-52041.111571
0180;2024;-55529.142987
0180;2025;-56809.756224
0181;2015;-53084.912341
0181;2016;-52060.646088
0181;2017;-54097.540403
0181;2018;-56588.554235
0181;2019;-58901.888279
0181;2020;-59093.276463
0181;2021;-59297.01904
0181;2022;-61736.824634
0181;2023;-68169.500288
0181;2024;-68461.24321
0181;2025;-68458.422528
0182;2015;-46259.639132
0182;2016;-47496.965549
0182;2017;-43702.79855
0182;2018;-50409.730262
0182;2019;-48411.221706
0182;2020;-47996.09408
0182;2021;-47156.364913
0182;2022;-53006.996328
0182;2023;-54500.140103
0182;2024;-60321.936992
0182;2025;-57651.200211
0183;2015;-38576.295814
0183;2016;-42786.994764
0183;2017;-40556.065879
0183;2018;-43456.985207
0183;2019;-45954.49689
0183;2020;-44190.507756
0183;2021;-49251.064148
0183;2022;-50005.49288
0183;2023;-51347.5998
0183;2024;-55005.686463
0183;2025;-55948.894737
0184;2015;-34456.734683
0184;2016;-39734.451996
0184;2017;-33868.618816
0184;2018;-35742.9895
0184;2019;-37194.992054
0184;2020;-31060.003367
0184;2021;-30910.995759
0184;2022;-33765.851375
0184;2023;-39436.260623
0184;2024;-39664.047838
0184;2025;-45944.443802
0186;2015;-51339.251004
0186;2016;-51084.028771
0186;2017;-53101.854403
0186;2018;-54742.774687
0186;2019;-55765.018806
0186;2020;-54710.634309
0186;2021;-54956.231054
0186;2022;-56834.902544
0186;2023;-63020.590183
0186;2024;-66224.63154
0186;2025;-63315.55335
0187;2015;-45063.884007
0187;2016;-49541.519663
0187;2017;-50883.103711
0187;2018;-52249.355402
0187;2019;-54678.163792
0187;2020;-55334.090527
0187;2021;-47886.295432
0187;2022;-43078.40995
0187;2023;-59702.970297
0187;2024;-62761.715446
0187;2025;-65166.8099
0188;2015;-47959.17776
0188;2016;-48378.155503
0188;2017;-50676.637942
0188;2018;-51419.433697
0188;2019;-53984.222797
0188;2020;-54501.908187
0188;2021;-55150.751984
0188;2022;-56588.912437
0188;2023;-61886.635244
0188;2024;-65571.239769
0188;2025;-68669.095643
0191;2015;-47673.179118
0191;2016;-48797.899468
0191;2017;-51420.375005
0191;2018;-51738.437565
0191;2019;-52769.79005
0191;2020;-54263.076085
0191;2021;-52451.176576
0191;2022;-57324.157607
0191;2023;-58965.143064
0191;2024;-63676.597116
0191;2025;-63931.434461
0192;2015;-45164.690909
0192;2016;-48447.174978
0192;2017;-50095.307553
0192;2018;-51259.879816
0192;2019;-52885.879265
0192;2020;-52046.579431
0192;2021;-54577.894558
0192;2022;-54777.618746
0192;2023;-62553.330474
0192;2024;-63103.60051
0192;2025;-64463.835348
0305;2015;-45486.71039
0305;2016;-45961.373391
0305;2017;-47855.28625
0305;2018;-49909.84975
0305;2019;-53260.599982
0305;2020;-53702.938371
0305;2021;-52614.348371
0305;2022;-59375.92796
0305;2023;-64031.94916
0305;2024;-67565.185217
0305;2025;-66076.552555
0319;2015;-49899.386635
0319;2016;-50845.738486
0319;2017;-54203.254627
0319;2018;-58598.701022
0319;2019;-61118.430792
0319;2020;-61091.157607
0319;2021;-62209.411031
0319;2022;-65241.766234
0319;2023;-72263.163393
0319;2024;-72047.948074
0319;2025;-74534.524183
0330;2015;-48681.664592
0330;2016;-52412.3997
0330;2017;-52421.667405
0330;2018;-57082.852564
0330;2019;-60363.578444
0330;2020;-59642.311316
0330;2021;-58897.265113
0330;2022;-61026.771966
0330;2023;-63659.264266
0330;2024;-67230.359081
0330;2025;-65230.893112
0331;2015;-53230.175077
0331;2016;-54677.135587
0331;2017;-56649.34315
0331;2018;-59731.200575
0331;2019;-61064.711326
0331;2020;-61300.475144
0331;2021;-62141.299028
0331;2022;-64234.103044
0331;2023;-72042.947779
0331;2024;-75517.880795
0331;2025;-77409.877408
0360;2015;-51334.404049
0360;2016;-51892.691863
0360;2017;-55386.239847
0360;2018;-58542.05519
0360;2019;-60011.118471
0360;2020;-61654.100436
0360;2021;-61617.221317
0360;2022;-66936.793422
0360;2023;-70287.689331
0360;2024;-74601.781653
0360;2025;-76226.507514
0380;2015;-46900.445447
0380;2016;-47902.539628
0380;2017;-48391.202925
0380;2018;-50385.48347
0380;2019;-52468.169192
0380;2020;-52659.697484
0380;2021;-53991.695988
0380;2022;-58044.77575
0380;2023;-62493.427194
0380;2024;-64591.369105
0380;2025;-63891.180734
0381;2015;-48821.497625
0381;2016;-50194.938122
0381;2017;-52029.933557
0381;2018;-54706.520516
0381;2019;-55390.200278
0381;2020;-55492.75519
0381;2021;-58854.471562
0381;2022;-61591.414479
0381;2023;-64572.475772
0381;2024;-69194.892058
0381;2025;-70078.026391
0382;2015;-49589.94574
0382;2016;-48729.355696
0382;2017;-53585.670634
0382;2018;-55982.719521
0382;2019;-56766.067416
0382;2020;-58488.472428
0382;2021;-59730.996244
0382;2022;-64545.918367
0382;2023;-69267.634855
0382;2024;-73155.072726
0382;2025;-72019.205626
0428;2015;-52960.571875
0428;2016;-56389.163644
0428;2017;-60446.949891
0428;2018;-66984.457093
0428;2019;-64935.7919
0428;2020;-65391.076115
0428;2021;-67847.953216
0428;2022;-70690.346287
0428;2023;-80099.028907
0428;2024;-83886.285714
0428;2025;-77518.693746
0461;2015;-51631.420791
0461;2016;-53284.688334
0461;2017;-54864.416009
0461;2018;-57258.520958
0461;2019;-59741.399032
0461;2020;-61668.768059
0461;2021;-63930.079041
0461;2022;-67631.588012
0461;2023;-73223.4375
0461;2024;-75852.5048
0461;2025;-76819.359958
0480;2015;-50415.74214
0480;2016;-52858.641031
0480;2017;-55686.372077
0480;2018;-58257.074503
0480;2019;-59599.830362
0480;2020;-60735.96047
0480;2021;-62845.574584
0480;2022;-63627.152238
0480;2023;-69555.876289
0480;2024;-72470.862471
0480;2025;-73330.097753
0481;2015;-49193.060422
0481;2016;-50413.472024
0481;2017;-51707.778148
0481;2018;-56643.342729
0481;2019;-59556.788784
0481;2020;-59408.586911
0481;2021;-62217.276624
0481;2022;-67621.54559
0481;2023;-71760.118949
0481;2024;-74954.866595
0481;2025;-73541.882628
0482;2015;-53388.199513
0482;2016;-56846.345811
0482;2017;-59570.979602
0482;2018;-63717.749177
0482;2019;-64921.133554
0482;2020;-67018.866776
0482;2021;-70000.306448
0482;2022;-73443.766347
0482;2023;-79622.79806
0482;2024;-84676.864992
0482;2025;-87096.588274
0483;2015;-54534.965035
0483;2016;-56873.732282
0483;2017;-59948.759265
0483;2018;-62131.230101
0483;2019;-63375.37045
0483;2020;-64341.694233
0483;2021;-67615.23415
0483;2022;-69925.413247
0483;2023;-75366.419998
0483;2024;-77096.85542
0483;2025;-77168.873588
0484;2015;-53227.688238
0484;2016;-54097.498168
0484;2017;-56280.271992
0484;2018;-59639.316869
0484;2019;-61443.481597
0484;2020;-62956.756251
0484;2021;-63988.809681
0484;2022;-66681.174596
0484;2023;-73684.864332
0484;2024;-76543.277707
0484;2025;-75617.96627
0486;2015;-50475.309366
0486;2016;-51826.374642
0486;2017;-53394.093309
0486;2018;-53953.189228
0486;2019;-54278.021016
0486;2020;-55476.696165
0486;2021;-57307.875895
0486;2022;-60711.415667
0486;2023;-68081.506797
0486;2024;-68413.756264
0486;2025;-70017.315358
0488;2015;-48225.451234
0488;2016;-48392.865751
0488;2017;-49538.401982
0488;2018;-51813.960478
0488;2019;-52649.596276
0488;2020;-53524.495073
0488;2021;-55466.844044
0488;2022;-60124.254743
0488;2023;-64843.869667
0488;2024;-67854.49186
0488;2025;-65847.04698
0509;2015;-50460.275019
0509;2016;-51214.245548
0509;2017;-52461.351301
0509;2018;-55366.334774
0509;2019;-57339.703954
0509;2020;-59513.488198
0509;2021;-62650.216613
0509;2022;-65983.825465
0509;2023;-71785.376018
0509;2024;-73869.199924
0509;2025;-75150.928941
0512;2015;-50135.866594
0512;2016;-53355.37415
0512;2017;-55388.9633
0512;2018;-58286.935613
0512;2019;-60265.54577
0512;2020;-64126.409018
0512;2021;-65652.503383
0512;2022;-67847.135487
0512;2023;-74929.337366
0512;2024;-79816.878103
0512;2025;-76620.889749
0513;2015;-49977.437468
0513;2016;-51571.095807
0513;2017;-55003.137017
0513;2018;-56861.522945
0513;2019;-59719.919517
0513;2020;-59037.733961
0513;2021;-60574.741242
0513;2022;-66104.88677
0513;2023;-72883.706966
0513;2024;-77896.956915
0513;2025;-77533.353486
0560;2015;-49472.222222
0560;2016;-52780.197283
0560;2017;-54869.429672
0560;2018;-59189.759589
0560;2019;-63131.482834
0560;2020;-59768.608712
0560;2021;-63787.191582
0560;2022;-66820.662059
0560;2023;-69378.417527
0560;2024;-73435.925322
0560;2025;-76509.998165
0561;2015;-49108.791685
0561;2016;-50232.159766
0561;2017;-53217.264208
0561;2018;-55960.995059
0561;2019;-57599.40885
0561;2020;-57974.18395
0561;2021;-59744.285465
0561;2022;-62811.228924
0561;2023;-67140.226876
0561;2024;-70533.269382
0561;2025;-68881.81027
0562;2015;-53061.040615
0562;2016;-53397.379913
0562;2017;-56751.633684
0562;2018;-58348.193768
0562;2019;-60052.30011
0562;2020;-61775.878704
0562;2021;-63450.637306
0562;2022;-66747.75145
0562;2023;-72803.632341
0562;2024;-74335.383619
0562;2025;-74831.643568
0563;2015;-51647.734607
0563;2016;-53529.645281
0563;2017;-57345.707071
0563;2018;-62016.968326
0563;2019;-65910.199416
0563;2020;-64293.524622
0563;2021;-67012.532637
0563;2022;-70176.933159
0563;2023;-76676.568094
0563;2024;-79158.272425
0563;2025;-74974.355567
0580;2015;-47743.420106
0580;2016;-49576.233659
0580;2017;-50534.216503
0580;2018;-52723.226151
0580;2019;-54994.00801
0580;2020;-55076.894105
0580;2021;-58239.731283
0580;2022;-58732.338171
0580;2023;-63191.578457
0580;2024;-65791.150653
0580;2025;-66388.871107
0581;2015;-50070.704565
0581;2016;-51679.125736
0581;2017;-53814.953841
0581;2018;-55037.733985
0581;2019;-57942.914417
0581;2020;-57434.658972
0581;2021;-58257.908873
0581;2022;-83669.597574
0581;2023;-65274.677432
0581;2024;-69456.690578
0581;2025;-49542.379782
0582;2015;-49486.16573
0582;2016;-51488.196084
0582;2017;-54309.62055
0582;2018;-56099.466411
0582;2019;-59288.52728
0582;2020;-59510.536398
0582;2021;-62967.355006
0582;2022;-65322.300121
0582;2023;-72265.420058
0582;2024;-73269.930354
0582;2025;-73727.291229
0583;2015;-49834.790108
0583;2016;-51850.940866
0583;2017;-54266.917725
0583;2018;-56862.24735
0583;2019;-57958.578527
0583;2020;-60081.966086
0583;2021;-63019.347896
0583;2022;-64199.688986
0583;2023;-70046.560556
0583;2024;-73471.46305
0583;2025;-74259.905868
0584;2015;-50953.017416
0584;2016;-55214.888405
0584;2017;-57847.190406
0584;2018;-58474.314613
0584;2019;-61366.585891
0584;2020;-61070.456689
0584;2021;-63984.723698
0584;2022;-65772.356637
0584;2023;-71303.605058
0584;2024;-73367.022697
0584;2025;-74279.396045
0586;2015;-49366.776934
0586;2016;-50635.165493
0586;2017;-53564.935786
0586;2018;-55822.489314
0586;2019;-57732.905829
0586;2020;-58151.645207
0586;2021;-59046.765008
0586;2022;-61741.912824
0586;2023;-68326.427772
0586;2024;-70273.880467
0586;2025;-71565.763453
0604;2015;-49937.127123
0604;2016;-50178.403756
0604;2017;-54428.276269
0604;2018;-57184.133489
0604;2019;-59371.933411
0604;2020;-61026.975517
0604;2021;-62146.546721
0604;2022;-64059.056272
0604;2023;-72772.767075
0604;2024;-76404.737384
0604;2025;-73997.372646
0617;2015;-53384.065588
0617;2016;-53065.106604
0617;2017;-54536.319737
0617;2018;-58232.099018
0617;2019;-61603.789127
0617;2020;-62058.872478
0617;2021;-62626.018809
0617;2022;-68813.625768
0617;2023;-74551.589877
0617;2024;-74319.242142
0617;2025;-72897.669256
0642;2015;-50549.951097
0642;2016;-52573.34625
0642;2017;-57442.68559
0642;2018;-57759.421081
0642;2019;-61561.179698
0642;2020;-58624.50914
0642;2021;-61373.351279
0642;2022;-61252.389804
0642;2023;-66233.469711
0642;2024;-71848.169608
0642;2025;-72518.155314
0643;2015;-48222.025809
0643;2016;-49647.678232
0643;2017;-51645.842127
0643;2018;-52836.16145
0643;2019;-55302.903563
0643;2020;-56583.922472
0643;2021;-56130.913349
0643;2022;-60049.664839
0643;2023;-63875.480226
0643;2024;-69174.866231
0643;2025;-70286.211235
0662;2015;-50518.10604
0662;2016;-52892.801411
0662;2017;-55450.032063
0662;2018;-57905.449308
0662;2019;-58724.62704
0662;2020;-58690.872279
0662;2021;-61780.315334
0662;2022;-66566.093416
0662;2023;-73455.22851
0662;2024;-77450.64971
0662;2025;-75111.588283
0665;2015;-50422.898594
0665;2016;-49751.685723
0665;2017;-53829.696532
0665;2018;-54861.158798
0665;2019;-55321.821366
0665;2020;-55263.693917
0665;2021;-58792.689543
0665;2022;-59089.740137
0665;2023;-66887.313483
0665;2024;-68352.782462
0665;2025;-67658.970756
0680;2015;-48438.556747
0680;2016;-49852.923568
0680;2017;-51129.297867
0680;2018;-52585.884415
0680;2019;-54830.083427
0680;2020;-56486.543984
0680;2021;-56631.14383
0680;2022;-59084.960789
0680;2023;-64323.020505
0680;2024;-66917.862029
0680;2025;-68793.772612
0682;2015;-52097.172507
0682;2016;-54614.925373
0682;2017;-59049.906986
0682;2018;-63224.576675
0682;2019;-63306.677659
0682;2020;-64556.125844
0682;2021;-67440.658234
0682;2022;-68398.572502
0682;2023;-75923.249494
0682;2024;-78466.774306
0682;2025;-78223.930864
0683;2015;-49615.720133
0683;2016;-50194.53784
0683;2017;-52880.313395
0683;2018;-55604.362728
0683;2019;-57357.552083
0683;2020;-58045.960035
0683;2021;-60362.078417
0683;2022;-63666.810792
0683;2023;-68412.820439
0683;2024;-68252.822651
0683;2025;-67868.072045
0684;2015;-52820.092626
0684;2016;-53718.409968
0684;2017;-57421.276966
0684;2018;-59694.781188
0684;2019;-62505.523679
0684;2020;-63629.809743
0684;2021;-66093.859424
0684;2022;-70122.334551
0684;2023;-75606.187864
0684;2024;-81711.925971
0684;2025;-81229.208221
0685;2015;-50500.502363
0685;2016;-52346.499761
0685;2017;-55734.451942
0685;2018;-58788.176265
0685;2019;-59550.098303
0685;2020;-58960.584685
0685;2021;-60840.48369
0685;2022;-63654.970549
0685;2023;-71017.564914
0685;2024;-75037.634409
0685;2025;-75127.704756
0686;2015;-52054.794521
0686;2016;-54301.652169
0686;2017;-58824.873679
0686;2018;-59562.178072
0686;2019;-60324.170563
0686;2020;-62524.791995
0686;2021;-64612.313558
0686;2022;-67595.643409
0686;2023;-75158.816901
0686;2024;-78223.864658
0686;2025;-79334.541336
0687;2015;-52400.517632
0687;2016;-53801.638821
0687;2017;-57958.981687
0687;2018;-61327.01322
0687;2019;-65103.825712
0687;2020;-62830.555996
0687;2021;-65879.728727
0687;2022;-68951.446501
0687;2023;-72540.442549
0687;2024;-77773.167061
0687;2025;-79008.137968
0760;2015;-54025.861144
0760;2016;-55921.539756
0760;2017;-58356.866437
0760;2018;-61774.762551
0760;2019;-62961.722987
0760;2020;-62989.366182
0760;2021;-67922.319822
0760;2022;-69234.338501
0760;2023;-79003.88643
0760;2024;-83691.204061
0760;2025;-79049.601616
0761;2015;-48684.47628
0761;2016;-51181.164384
0761;2017;-54406.881672
0761;2018;-62499.544419
0761;2019;-64904.500172
0761;2020;-67258.463316
0761;2021;-68914.508981
0761;2022;-71149.086623
0761;2023;-76909.1345
0761;2024;-83146.338521
0761;2025;-81164.510166
0763;2015;-53876.835237
0763;2016;-54406.51981
0763;2017;-56088.828207
0763;2018;-58532.683163
0763;2019;-62682.482046
0763;2020;-64279.65074
0763;2021;-66237.68163
0763;2022;-71730.584695
0763;2023;-77872.480461
0763;2024;-79549.891359
0763;2025;-81184.767989
0764;2015;-53540.370768
0764;2016;-54948.61461
0764;2017;-57972.735444
0764;2018;-58551.46402
0764;2019;-61939.654316
0764;2020;-63065.318434
0764;2021;-64346.576625
0764;2022;-66549.192872
0764;2023;-74662.125749
0764;2024;-78428.643469
0764;2025;-78602.885153
0765;2015;-47796.387927
0765;2016;-48700.144422
0765;2017;-50175.705622
0765;2018;-52181.238616
0765;2019;-57642.683134
0765;2020;-60111.608141
0765;2021;-62911.095029
0765;2022;-67967.112536
0765;2023;-73396.051751
0765;2024;-76357.956155
0765;2025;-74694.521873
0767;2015;-50182.840781
0767;2016;-51179.361425
0767;2017;-53285.054081
0767;2018;-55669.883041
0767;2019;-60660.174419
0767;2020;-61779.523764
0767;2021;-64566.666667
0767;2022;-69658.666142
0767;2023;-74276.101628
0767;2024;-77314.952707
0767;2025;-77868.586494
0780;2015;-48144.493122
0780;2016;-49699.731844
0780;2017;-51539.896771
0780;2018;-53730.206229
0780;2019;-55560.018698
0780;2020;-56268.324566
0780;2021;-58118.287411
0780;2022;-60888.507984
0780;2023;-64715.098284
0780;2024;-67665.456505
0780;2025;-70537.163938
0781;2015;-50472.17599
0781;2016;-51235.682662
0781;2017;-53942.962151
0781;2018;-55350.715711
0781;2019;-57586.550261
0781;2020;-59074.574839
0781;2021;-59450.005276
0781;2022;-63813.959204
0781;2023;-69386.553137
0781;2024;-72996.676096
0781;2025;-71605.28935
0821;2015;-55202.834215
0821;2016;-56596.381579
0821;2017;-61662.395269
0821;2018;-64453.396784
0821;2019;-70740.24658
0821;2020;-72798.638981
0821;2021;-72127.546501
0821;2022;-77137.893983
0821;2023;-85353.070982
0821;2024;-90431.685773
0821;2025;-91039.540319
0834;2015;-52058.908253
0834;2016;-51846.52414
0834;2017;-55791.896089
0834;2018;-57506.621584
0834;2019;-59795.649123
0834;2020;-62780.388866
0834;2021;-65243.357233
0834;2022;-68890.514059
0834;2023;-72933.30477
0834;2024;-75890.607102
0834;2025;-76857.638387
0840;2015;-50443.58852
0840;2016;-53231.563422
0840;2017;-55233.333333
0840;2018;-55214.447103
0840;2019;-57352.088662
0840;2020;-60696.907083
0840;2021;-62850.273502
0840;2022;-65808.132624
0840;2023;-68467.975719
0840;2024;-72975.653353
0840;2025;-72517.416902
0860;2015;-53585.315037
0860;2016;-54770.520983
0860;2017;-59908.567117
0860;2018;-63037.883008
0860;2019;-66579.513498
0860;2020;-66829.09194
0860;2021;-72016.647695
0860;2022;-71835.395336
0860;2023;-80202.621912
0860;2024;-87150.003657
0860;2025;-85366.508454
0861;2015;-49727.175898
0861;2016;-50454.050019
0861;2017;-56725.070381
0861;2018;-59915.886473
0861;2019;-64131.124348
0861;2020;-66556.619421
0861;2021;-67929.250264
0861;2022;-69605.302802
0861;2023;-79592.812548
0861;2024;-82794.475476
0861;2025;-82319.926029
0862;2015;-53197.689769
0862;2016;-52283.804022
0862;2017;-58585.397096
0862;2018;-59663.723404
0862;2019;-62788.459502
0862;2020;-65347.32906
0862;2021;-70172.151356
0862;2022;-71056.809672
0862;2023;-80479.902827
0862;2024;-83193.98179
0862;2025;-84249.460656
0880;2015;-50035.462072
0880;2016;-51012.227547
0880;2017;-53255.148182
0880;2018;-54921.048022
0880;2019;-58185.71408
0880;2020;-58743.619275
0880;2021;-60704.099372
0880;2022;-67021.980616
0880;2023;-69015.268865
0880;2024;-72872.070313
0880;2025;-71776.454809
0881;2015;-50643.818973
0881;2016;-53058.244301
0881;2017;-56160.492012
0881;2018;-59734.447174
0881;2019;-64916.182695
0881;2020;-67103.191437
0881;2021;-69494.429107
0881;2022;-71747.475743
0881;2023;-81264.978903
0881;2024;-86681.770337
0881;2025;-85562.187547
0882;2015;-51541.928166
0882;2016;-54105.421018
0882;2017;-54587.158348
0882;2018;-57740.567439
0882;2019;-60030.108479
0882;2020;-62263.344016
0882;2021;-63243.387215
0882;2022;-67983.831582
0882;2023;-73949.216138
0882;2024;-73135.088957
0882;2025;-76088.259472
0883;2015;-51087.797165
0883;2016;-52150.447335
0883;2017;-54343.656808
0883;2018;-58023.091603
0883;2019;-59628.588566
0883;2020;-61881.216751
0883;2021;-63504.286064
0883;2022;-66611.377899
0883;2023;-72617.994181
0883;2024;-76093.066645
0883;2025;-75245.443767
0884;2015;-50971.139503
0884;2016;-54300.268611
0884;2017;-57952.441506
0884;2018;-58362.661761
0884;2019;-62668.562664
0884;2020;-63361.281266
0884;2021;-67092.438054
0884;2022;-69309.571254
0884;2023;-76294.094819
0884;2024;-77747.139886
0884;2025;-77678.475892
0885;2015;-52006.553693
0885;2016;-53322.506862
0885;2017;-58734.272819
0885;2018;-59985.28465
0885;2019;-63416.182305
0885;2020;-61847.72979
0885;2021;-62211.106012
0885;2022;-66707.193516
0885;2023;-72954.596204
0885;2024;-75890.493156
0885;2025;-76724.920008
0980;2015;-51825.007405
0980;2016;-51921.314415
0980;2017;-53135.881901
0980;2018;-53854.174754
0980;2019;-56755.470295
0980;2020;-59126.27237
0980;2021;-61786.47891
0980;2022;-63519.117911
0980;2023;-69915.204247
0980;2024;-77218.480917
0980;2025;-76726.171695
1060;2015;-50053.151101
1060;2016;-50588.208989
1060;2017;-56677.718439
1060;2018;-58277.522936
1060;2019;-60445.478921
1060;2020;-62971.978063
1060;2021;-63702.555983
1060;2022;-67148.719508
1060;2023;-74475.690988
1060;2024;-76769.769231
1060;2025;-74009.109312
1080;2015;-50973.233405
1080;2016;-53423.425191
1080;2017;-55834.00834
1080;2018;-58114.120735
1080;2019;-58014.409654
1080;2020;-58518.770202
1080;2021;-60391.557235
1080;2022;-63539.590894
1080;2023;-69433.995784
1080;2024;-71017.4658
1080;2025;-72490.343981
1081;2015;-50406.558177
1081;2016;-53685.794501
1081;2017;-55698.593074
1081;2018;-58900.690352
1081;2019;-60486.113455
1081;2020;-63002.587498
1081;2021;-66822.773973
1081;2022;-68355.068737
1081;2023;-72968.74677
1081;2024;-78135.17275
1081;2025;-77884.352794
1082;2015;-51638.102116
1082;2016;-54124.21413
1082;2017;-55772.981366
1082;2018;-61384.658212
1082;2019;-60133.957442
1082;2020;-62374.39047
1082;2021;-64797.058276
1082;2022;-65446.889744
1082;2023;-72061.445181
1082;2024;-75617.996284
1082;2025;-75766.418052
1083;2015;-50969.638695
1083;2016;-52054.940643
1083;2017;-54975.708966
1083;2018;-56343.828715
1083;2019;-57208.457483
1083;2020;-58545.142071
1083;2021;-62483.010262
1083;2022;-66081.763161
1083;2023;-70439.542203
1083;2024;-72632.013769
1083;2025;-74571.272623
1214;2015;-48942.804833
1214;2016;-50446.080897
1214;2017;-53270.017825
1214;2018;-55656.446931
1214;2019;-57217.199327
1214;2020;-58657.747268
1214;2021;-60497.640855
1214;2022;-62733.167427
1214;2023;-67163.641364
1214;2024;-70198.996081
1214;2025;-68448.735664
1230;2015;-44678.013755
1230;2016;-43536.737288
1230;2017;-45759.961932
1230;2018;-48870.611552
1230;2019;-51871.121436
1230;2020;-54107.638218
1230;2021;-55453.319107
1230;2022;-57280.566136
1230;2023;-60917.648792
1230;2024;-65418.378933
1230;2025;-65015.319118
1231;2015;-48050.430293
1231;2016;-47389.323359
1231;2017;-46922.481049
1231;2018;-50076.742919
1231;2019;-57698.670992
1231;2020;-57190.814002
1231;2021;-56798.207867
1231;2022;-56448.546424
1231;2023;-62538.802661
1231;2024;-66729.71494
1231;2025;-65757.043631
1233;2015;-41888.020307
1233;2016;-43386.022634
1233;2017;-44945.124336
1233;2018;-46304.748075
1233;2019;-48932.510648
1233;2020;-48223.648923
1233;2021;-49057.460216
1233;2022;-50685.174903
1233;2023;-56982.352006
1233;2024;-58448.804739
1233;2025;-58687.997251
1256;2015;-49075.166643
1256;2016;-52829.168402
1256;2017;-53696.432212
1256;2018;-56820.918538
1256;2019;-60158.326114
1256;2020;-63178.797363
1256;2021;-67509.805234
1256;2022;-70037.387666
1256;2023;-75405.763729
1256;2024;-78222.993275
1256;2025;-77130.485494
1257;2015;-45325.297528
1257;2016;-47502.912231
1257;2017;-50765.50214
1257;2018;-51851.779045
1257;2019;-53676.945525
1257;2020;-52700.220075
1257;2021;-57671.206782
1257;2022;-59562.792922
1257;2023;-62324.45126
1257;2024;-65861.243554
1257;2025;-64160.983192
1260;2015;-48687.74228
1260;2016;-51220.431522
1260;2017;-51790.070646
1260;2018;-53801.948261
1260;2019;-55151.702195
1260;2020;-57467.15933
1260;2021;-58781.214493
1260;2022;-61559.457104
1260;2023;-68075.776553
1260;2024;-70206.255865
1260;2025;-69479.815599
1261;2015;-42723.259368
1261;2016;-44693.469147
1261;2017;-46972.512032
1261;2018;-47790.257534
1261;2019;-58788.361457
1261;2020;-55357.12055
1261;2021;-52321.665997
1261;2022;-53583.923622
1261;2023;-57849.64539
1261;2024;-58595.221233
1261;2025;-57808.451998
1262;2015;-46276.925056
1262;2016;-47084.313643
1262;2017;-49210.435213
1262;2018;-51027.621855
1262;2019;-53456.712571
1262;2020;-55041.083776
1262;2021;-61987.011933
1262;2022;-58724.930221
1262;2023;-66030.535591
1262;2024;-67736.071212
1262;2025;-66255.703692
1263;2015;-46210.389991
1263;2016;-47771.123201
1263;2017;-50144.158679
1263;2018;-51877.688172
1263;2019;-55001.304602
1263;2020;-60409.750717
1263;2021;-56371.242787
1263;2022;-59534.094813
1263;2023;-61929.314018
1263;2024;-65608.371146
1263;2025;-63952.180147
1264;2015;-46202.191564
1264;2016;-47068.535826
1264;2017;-48812.172356
1264;2018;-50577.638175
1264;2019;-53831.455724
1264;2020;-52297.53148
1264;2021;-54441.5007
1264;2022;-57401.05194
1264;2023;-63152.482059
1264;2024;-63833.849933
1264;2025;-63004.492678
1265;2015;-46155.233877
1265;2016;-48274.143635
1265;2017;-50045.094646
1265;2018;-53686.158826
1265;2019;-55099.916779
1265;2020;-55949.824851
1265;2021;-57828.076114
1265;2022;-61375.965621
1265;2023;-67912.743736
1265;2024;-68934.42623
1265;2025;-66972.263752
1266;2015;-48306.524634
1266;2016;-49671.595891
1266;2017;-51774.112654
1266;2018;-54514.870483
1266;2019;-58224.809673
1266;2020;-60988.564492
1266;2021;-58268.529692
1266;2022;-62213.831276
1266;2023;-68886.557587
1266;2024;-70241.48567
1266;2025;-70526.704801
1267;2015;-48341.390106
1267;2016;-50572.999012
1267;2017;-53122.709067
1267;2018;-53996.513795
1267;2019;-55273.260336
1267;2020;-56725.074272
1267;2021;-57386.752389
1267;2022;-59892.698156
1267;2023;-66303.752302
1267;2024;-68528.028314
1267;2025;-67223.246606
1270;2015;-47648.796832
1270;2016;-49938.484621
1270;2017;-53028.99523
1270;2018;-54673.157778
1270;2019;-55925.313946
1270;2020;-56249.798726
1270;2021;-59478.485998
1270;2022;-61588.763394
1270;2023;-66079.575403
1270;2024;-68815.455679
1270;2025;-69899.773209
1272;2015;-49317.429873
1272;2016;-51248.316832
1272;2017;-53413.339633
1272;2018;-55101.040696
1272;2019;-59129.448329
1272;2020;-62828.591582
1272;2021;-66156.916996
1272;2022;-67143.592179
1272;2023;-73110.257641
1272;2024;-74585.084202
1272;2025;-73762.983116
1273;2015;-58703.334877
1273;2016;-52774.12731
1273;2017;-54312.774996
1273;2018;-58258.460843
1273;2019;-59239.24894
1273;2020;-61226.776784
1273;2021;-64251.413068
1273;2022;-69081.20562
1273;2023;-76116.816725
1273;2024;-78686.568317
1273;2025;-77303.39787
1275;2015;-48159.755928
1275;2016;-49852.820932
1275;2017;-54355.828221
1275;2018;-55622.409413
1275;2019;-67271.75654
1275;2020;-60044.275013
1275;2021;-60819.563781
1275;2022;-66353.130879
1275;2023;-74361.600437
1275;2024;-77241.050449
1275;2025;-79104.567814
1276;2015;-48003.251167
1276;2016;-49527.905221
1276;2017;-51799.392968
1276;2018;-52208.522727
1276;2019;-54553.334084
1276;2020;-59553.782839
1276;2021;-59767.193387
1276;2022;-61138.762944
1276;2023;-65670.202562
1276;2024;-72010.274359
1276;2025;-70243.324112
1277;2015;-47398.73626
1277;2016;-49294.564657
1277;2017;-52210.449836
1277;2018;-53115.093513
1277;2019;-55054.956085
1277;2020;-57151.590612
1277;2021;-56428.256071
1277;2022;-60229.91249
1277;2023;-66316.016527
1277;2024;-68027.843638
1277;2025;-68628.282093
1278;2015;-46815.696097
1278;2016;-48071.369919
1278;2017;-50021.830224
1278;2018;-50824.324324
1278;2019;-53185.219461
1278;2020;-52481.606436
1278;2021;-52902.660527
1278;2022;-58035.452477
1278;2023;-63687.845651
1278;2024;-65906.214901
1278;2025;-66356.724417
1280;2015;-48725.889253
1280;2016;-50725.264388
1280;2017;-51947.58612
1280;2018;-53542.728985
1280;2019;-55680.967905
1280;2020;-56401.41515
1280;2021;-58341.45655
1280;2022;-59553.317645
1280;2023;-66043.241019
1280;2024;-68626.748969
1280;2025;-69081.848425
1281;2015;-45793.775784
1281;2016;-48049.872619
1281;2017;-48846.40566
1281;2018;-51159.262452
1281;2019;-53711.137792
1281;2020;-53128.703123
1281;2021;-54996.569212
1281;2022;-58509.06655
1281;2023;-61204.654304
1281;2024;-65423.793601
1281;2025;-63610.671563
1282;2015;-48679.488638
1282;2016;-50110.779853
1282;2017;-51922.293866
1282;2018;-54093.719279
1282;2019;-56807.311781
1282;2020;-54488.56495
1282;2021;-54399.866632
1282;2022;-60400.880776
1282;2023;-65293.567276
1282;2024;-67088.291868
1282;2025;-65711.399802
1283;2015;-45975.425824
1283;2016;-47724.099412
1283;2017;-49426.296544
1283;2018;-51937.812468
1283;2019;-52480.444583
1283;2020;-52631.651929
1283;2021;-54613.500856
1283;2022;-57137.241265
1283;2023;-60032.146775
1283;2024;-62957.755554
1283;2025;-64522.038802
1284;2015;-47184.459196
1284;2016;-49926.761326
1284;2017;-51280.991104
1284;2018;-51209.967628
1284;2019;-53075.866677
1284;2020;-54324.830683
1284;2021;-54105.440574
1284;2022;-56031.242216
1284;2023;-61054.765367
1284;2024;-65454.23848
1284;2025;-63343.501
1285;2015;-49738.26993
1285;2016;-51703.175376
1285;2017;-53539.054038
1285;2018;-55859.910004
1285;2019;-57772.14216
1285;2020;-58883.07007
1285;2021;-60964.617119
1285;2022;-63896.314227
1285;2023;-69133.0266
1285;2024;-71331.137965
1285;2025;-72134.231054
1286;2015;-45621.286873
1286;2016;-47780.222766
1286;2017;-48910.010721
1286;2018;-51908.555548
1286;2019;-53650.175174
1286;2020;-54333.645463
1286;2021;-56155.418251
1286;2022;-58553.635618
1286;2023;-62290.934161
1286;2024;-65331.090762
1286;2025;-65960.388965
1287;2015;-47618.303005
1287;2016;-50081.524833
1287;2017;-51047.157753
1287;2018;-52624.738319
1287;2019;-53106.404049
1287;2020;-52018.527803
1287;2021;-56002.11979
1287;2022;-59881.390812
1287;2023;-65048.001534
1287;2024;-67753.517104
1287;2025;-65081.932286
1290;2015;-51819.597625
1290;2016;-53995.816855
1290;2017;-54982.448218
1290;2018;-56809.122815
1290;2019;-58986.086977
1290;2020;-59413.978682
1290;2021;-60395.297838
1290;2022;-64201.445733
1290;2023;-69923.57902
1290;2024;-73863.786337
1290;2025;-73216.440844
1291;2015;-48934.644637
1291;2016;-49667.847062
1291;2017;-52505.986788
1291;2018;-55986.305633
1291;2019;-57342.338583
1291;2020;-57008.1656
1291;2021;-58560.024913
1291;2022;-60694.138618
1291;2023;-68612.171712
1291;2024;-69877.713076
1291;2025;-71424.250493
1292;2015;-46544.584111
1292;2016;-55026.490226
1292;2017;-50294.524482
1292;2018;-52560.608578
1292;2019;-55120.609285
1292;2020;-55042.554183
1292;2021;-56380.92728
1292;2022;-59503.908015
1292;2023;-65342.040744
1292;2024;-66564.37597
1292;2025;-66949.046702
1293;2015;-51238.089641
1293;2016;-52867.826659
1293;2017;-55199.180816
1293;2018;-58259.56908
1293;2019;-61280.602167
1293;2020;-61347.183234
1293;2021;-64697.566384
1293;2022;-67021.711318
1293;2023;-71457.30365
1293;2024;-75173.235599
1293;2025;-74461.754791
1315;2015;-48579.608142
1315;2016;-50204.308928
1315;2017;-56016.833485
1315;2018;-63224.024189
1315;2019;-64294.960703
1315;2020;-65194.853977
1315;2021;-66333.364724
1315;2022;-70330.275229
1315;2023;-75610.544713
1315;2024;-79705.178501
1315;2025;-78824.252031
1380;2015;-46786.73983
1380;2016;-48898.364083
1380;2017;-51474.707274
1380;2018;-54183.02919
1380;2019;-55144.978446
1380;2020;-55118.84843
1380;2021;-58210.36979
1380;2022;-58896.5268
1380;2023;-65252.164543
1380;2024;-68258.021945
1380;2025;-67361.002681
1381;2015;-47725.025832
1381;2016;-49719.915667
1381;2017;-51400.962341
1381;2018;-53613.706798
1381;2019;-55551.789368
1381;2020;-56499.095005
1381;2021;-59393.176033
1381;2022;-61038.908749
1381;2023;-67306.267645
1381;2024;-69119.082534
1381;2025;-72052.851496
1382;2015;-48585.717945
1382;2016;-50078.373265
1382;2017;-53161.579364
1382;2018;-54574.103488
1382;2019;-57050.190667
1382;2020;-58147.466939
1382;2021;-58749.23567
1382;2022;-61709.913436
1382;2023;-66431.179418
1382;2024;-69703.635634
1382;2025;-71486.866296
1383;2015;-45240.422743
1383;2016;-47061.566561
1383;2017;-49529.790455
1383;2018;-49673.565928
1383;2019;-51253.680284
1383;2020;-53102.053611
1383;2021;-51330.642984
1383;2022;-57153.362832
1383;2023;-61754.438346
1383;2024;-64323.671637
1383;2025;-66756.550533
1384;2015;-50708.392298
1384;2016;-53317.533129
1384;2017;-53862.537506
1384;2018;-55309.725488
1384;2019;-57363.030985
1384;2020;-56758.718945
1384;2021;-59226.914104
1384;2022;-58878.731017
1384;2023;-66470.199526
1384;2024;-67223.412439
1384;2025;-66816.047352
1401;2015;-48123.81654
1401;2016;-49914.088606
1401;2017;-52690.23308
1401;2018;-55060.97561
1401;2019;-55694.894278
1401;2020;-54483.44925
1401;2021;-55331.231093
1401;2022;-57409.737941
1401;2023;-61121.028213
1401;2024;-66514.036447
1401;2025;-66990.177701
1402;2015;-48836.38478
1402;2016;-50512.300354
1402;2017;-52430.992608
1402;2018;-53769.060687
1402;2019;-53675.099901
1402;2020;-56445.788621
1402;2021;-56429.15328
1402;2022;-56992.396868
1402;2023;-60166.167444
1402;2024;-65116.000974
1402;2025;-65209.892139
1407;2015;-51811.307365
1407;2016;-52469.74086
1407;2017;-55880.987387
1407;2018;-57818.385477
1407;2019;-59431.170641
1407;2020;-59067.34189
1407;2021;-61829.638816
1407;2022;-61805.546875
1407;2023;-67191.35658
1407;2024;-71064.912693
1407;2025;-70991.603825
1415;2015;-50323.741571
1415;2016;-53378.617083
1415;2017;-52654.591214
1415;2018;-54695.506169
1415;2019;-56950.330508
1415;2020;-56068.924715
1415;2021;-59883.147046
1415;2022;-62988.733405
1415;2023;-67106.237887
1415;2024;-71799.899465
1415;2025;-70506.426366
1419;2015;-48645.445642
1419;2016;-50460.151437
1419;2017;-52936.79544
1419;2018;-55452.769753
1419;2019;-57368.943556
1419;2020;-57811.482009
1419;2021;-58495.83129
1419;2022;-63630.721966
1419;2023;-66992.691688
1419;2024;-70548.595575
1419;2025;-70697.619196
1421;2015;-55413.990673
1421;2016;-54971.509972
1421;2017;-56653.163887
1421;2018;-58019.457313
1421;2019;-60123.472204
1421;2020;-59743.127653
1421;2021;-61620.78853
1421;2022;-64184.236134
1421;2023;-66228.070175
1421;2024;-71219.580511
1421;2025;-71797.370305
1427;2015;-51193.426604
1427;2016;-52620.297849
1427;2017;-55977.73614
1427;2018;-57059.136213
1427;2019;-57376.558879
1427;2020;-57926.813187
1427;2021;-61025.972603
1427;2022;-62623.034934
1427;2023;-67654.55148
1427;2024;-68056.239016
1427;2025;-70059.096946
1430;2015;-53717.491426
1430;2016;-54662.677348
1430;2017;-56059.8676
1430;2018;-60620.870228
1430;2019;-62224.293732
1430;2020;-63733.604234
1430;2021;-67698.054401
1430;2022;-71817.734922
1430;2023;-74129.403923
1430;2024;-77335.23276
1430;2025;-76266.647196
1435;2015;-48627.61943
1435;2016;-50783.039822
1435;2017;-52645.92964
1435;2018;-55707.993475
1435;2019;-58510.941515
1435;2020;-60008.209418
1435;2021;-60322.946394
1435;2022;-64042.80335
1435;2023;-71157.403809
1435;2024;-73035.935176
1435;2025;-75150.666561
1438;2015;-55402.792248
1438;2016;-58254.762403
1438;2017;-57122.611799
1438;2018;-63197.66958
1438;2019;-67853.106171
1438;2020;-68443.184205
1438;2021;-69984.230446
1438;2022;-76960.430108
1438;2023;-84865.610074
1438;2024;-85209.509336
1438;2025;-86433.821921
1439;2015;-52329.792148
1439;2016;-53909.159499
1439;2017;-56863.319175
1439;2018;-58615.268101
1439;2019;-65070.212445
1439;2020;-64012.766597
1439;2021;-65584.245742
1439;2022;-66274.723587
1439;2023;-73729.561703
1439;2024;-79432.245922
1439;2025;-78972.805344
1440;2015;-50059.455339
1440;2016;-51941.926969
1440;2017;-53412.368064
1440;2018;-54791.599302
1440;2019;-55691.93045
1440;2020;-56403.633739
1440;2021;-59891.999502
1440;2022;-64308.976971
1440;2023;-66094.926956
1440;2024;-68922.396857
1440;2025;-70566.247701
1441;2015;-48517.831811
1441;2016;-50524.50113
1441;2017;-53472.898097
1441;2018;-54286.185538
1441;2019;-56748.801917
1441;2020;-57091.910739
1441;2021;-56352.266181
1441;2022;-64012.633223
1441;2023;-66990.184414
1441;2024;-70346.453982
1441;2025;-71269.313403
1442;2015;-48411.106135
1442;2016;-51028.773794
1442;2017;-51349.782419
1442;2018;-53152.856408
1442;2019;-55561.473328
1442;2020;-57707.34974
1442;2021;-59617.405583
1442;2022;-63652.999674
1442;2023;-68431.20155
1442;2024;-70794.292128
1442;2025;-71942.270686
1443;2015;-46067.621321
1443;2016;-46903.64755
1443;2017;-50552.580436
1443;2018;-53051.129734
1443;2019;-57761.874671
1443;2020;-58771.269908
1443;2021;-57521.175005
1443;2022;-61337.83366
1443;2023;-66389.088667
1443;2024;-69496.4293
1443;2025;-68333.810303
1444;2015;-50096.208363
1444;2016;-52434.889005
1444;2017;-54006.782609
1444;2018;-56969.464317
1444;2019;-58193.395398
1444;2020;-59132.98153
1444;2021;-62026.527051
1444;2022;-66605.03011
1444;2023;-69771.166637
1444;2024;-77064.086409
1444;2025;-75046.233488
1445;2015;-49368.157424
1445;2016;-51872.064057
1445;2017;-54472.99451
1445;2018;-57061.893846
1445;2019;-59372.302794
1445;2020;-60325.830842
1445;2021;-63810.635311
1445;2022;-66299.807591
1445;2023;-73024.929279
1445;2024;-78081.654676
1445;2025;-78617.916892
1446;2015;-47803.814311
1446;2016;-49779.690438
1446;2017;-51198.446937
1446;2018;-53898.429621
1446;2019;-56227.377522
1446;2020;-57164.176961
1446;2021;-58727.494616
1446;2022;-61854.329035
1446;2023;-65121.229288
1446;2024;-69443.542646
1446;2025;-70699.730382
1447;2015;-52779.116466
1447;2016;-56055.775391
1447;2017;-58320.833333
1447;2018;-60930.852069
1447;2019;-64304.545455
1447;2020;-63239.117818
1447;2021;-64500.576258
1447;2022;-66184.251059
1447;2023;-71862.66849
1447;2024;-77538.262771
1447;2025;-79228.328955
1452;2015;-50691.281522
1452;2016;-53681.810462
1452;2017;-55697.745123
1452;2018;-58311.099882
1452;2019;-59319.872654
1452;2020;-61151.956247
1452;2021;-62244.19871
1452;2022;-63904.438861
1452;2023;-68284.019187
1452;2024;-70561.956246
1452;2025;-71200.202139
1460;2015;-52666.216497
1460;2016;-53730.080483
1460;2017;-58640.585563
1460;2018;-63202.721918
1460;2019;-66474.051282
1460;2020;-67559.899906
1460;2021;-71209.692847
1460;2022;-74120.583468
1460;2023;-81438.93631
1460;2024;-81825.804319
1460;2025;-84002.12172
1461;2015;-53936.307122
1461;2016;-55929.958168
1461;2017;-59246.240802
1461;2018;-62420.996365
1461;2019;-65169.817401
1461;2020;-68012.671821
1461;2021;-67923.82391
1461;2022;-71588.686171
1461;2023;-77345.226405
1461;2024;-81723.155104
1461;2025;-79965.479088
1462;2015;-51697.14676
1462;2016;-52575.101981
1462;2017;-53102.643077
1462;2018;-56839.669657
1462;2019;-59814.01942
1462;2020;-58647.03823
1462;2021;-59034.461369
1462;2022;-65285.486554
1462;2023;-70379.592403
1462;2024;-70717.005955
1462;2025;-70925.267398
1463;2015;-50620.804577
1463;2016;-51788.883044
1463;2017;-54020.183273
1463;2018;-56646.301141
1463;2019;-58469.528687
1463;2020;-61120.386291
1463;2021;-62304.593619
1463;2022;-64714.625379
1463;2023;-70078.952589
1463;2024;-73187.768454
1463;2025;-75080.463369
1465;2015;-52153.150581
1465;2016;-55097.106471
1465;2017;-57085.561497
1465;2018;-57727.136572
1465;2019;-58821.892393
1465;2020;-59410.473444
1465;2021;-62321.15243
1465;2022;-64213.664941
1465;2023;-69149.177433
1465;2024;-71840.513632
1465;2025;-74453.749058
1466;2015;-50756.765429
1466;2016;-51290.744255
1466;2017;-52899.630996
1466;2018;-56156.309248
1466;2019;-57066.990702
1466;2020;-58435.19695
1466;2021;-60442.795495
1466;2022;-60933.067143
1466;2023;-67295.625463
1466;2024;-71007.686638
1466;2025;-71460.826585
1470;2015;-49131.592389
1470;2016;-49963.07322
1470;2017;-54129.218417
1470;2018;-54940.885155
1470;2019;-56574.825262
1470;2020;-57225.335487
1470;2021;-58842.531865
1470;2022;-63263.750541
1470;2023;-68505.290676
1470;2024;-74017.404276
1470;2025;-75769.845731
1471;2015;-49756.838906
1471;2016;-51298.003766
1471;2017;-56607.763178
1471;2018;-53945.510883
1471;2019;-57852.275309
1471;2020;-58436.637866
1471;2021;-58300.233733
1471;2022;-60767.909605
1471;2023;-65802.012407
1471;2024;-71466.054493
1471;2025;-68139.075853
1472;2015;-48869.398907
1472;2016;-49634.146341
1472;2017;-53525.742574
1472;2018;-56168.517192
1472;2019;-57420.907473
1472;2020;-57030.893157
1472;2021;-58979.345803
1472;2022;-63531.888762
1472;2023;-70957.730321
1472;2024;-73119.068619
1472;2025;-72977.04397
1473;2015;-50543.204563
1473;2016;-54216.64017
1473;2017;-58109.836414
1473;2018;-60741.7311
1473;2019;-64061.982137
1473;2020;-63768.882664
1473;2021;-66288.910611
1473;2022;-68137.382974
1473;2023;-76124.82223
1473;2024;-76950.790667
1473;2025;-76718.794677
1480;2015;-47739.564749
1480;2016;-50053.219316
1480;2017;-51189.678373
1480;2018;-52837.992334
1480;2019;-54173.156033
1480;2020;-54175.111825
1480;2021;-56097.556119
1480;2022;-58388.034669
1480;2023;-63330.689231
1480;2024;-66634.981026
1480;2025;-65401.141081
1481;2015;-45426.47616
1481;2016;-48427.79803
1481;2017;-50565.765793
1481;2018;-51347.16516
1481;2019;-51316.576322
1481;2020;-51534.026695
1481;2021;-50602.061679
1481;2022;-56245.232424
1481;2023;-59366.886891
1481;2024;-66686.58639
1481;2025;-61850.05823
1482;2015;-51107.910133
1482;2016;-53739.933932
1482;2017;-54080.661981
1482;2018;-55003.770572
1482;2019;-55200.038847
1482;2020;-57164.250797
1482;2021;-53540.303702
1482;2022;-57172.678732
1482;2023;-64689.725821
1482;2024;-67166.298968
1482;2025;-70425.400032
1484;2015;-52011.200221
1484;2016;-56470.075498
1484;2017;-58972.77888
1484;2018;-60600.438026
1484;2019;-63272.414978
1484;2020;-64325.281916
1484;2021;-68809.757465
1484;2022;-69137.685251
1484;2023;-75353.640203
1484;2024;-76966.77932
1484;2025;-79515.946651
1485;2015;-51443.373939
1485;2016;-52839.859329
1485;2017;-56539.425784
1485;2018;-58750.528804
1485;2019;-61554.009488
1485;2020;-63428.760104
1485;2021;-65474.598228
1485;2022;-68210.100904
1485;2023;-73814.392147
1485;2024;-76632.608314
1485;2025;-77315.645707
1486;2015;-48733.079197
1486;2016;-51344.751128
1486;2017;-52565.743683
1486;2018;-54317.362107
1486;2019;-54905.885913
1486;2020;-59763.96859
1486;2021;-61485.576561
1486;2022;-63828.066215
1486;2023;-66404.867913
1486;2024;-70091.677793
1486;2025;-71313.196135
1487;2015;-52566.50426
1487;2016;-54648.055449
1487;2017;-57231.616051
1487;2018;-60551.267413
1487;2019;-61559.445328
1487;2020;-61633.176863
1487;2021;-63827.858512
1487;2022;-66104.049719
1487;2023;-71183.195041
1487;2024;-74874.528608
1487;2025;-76403.33849
1488;2015;-52202.935613
1488;2016;-53684.518553
1488;2017;-56050.070401
1488;2018;-58959.542297
1488;2019;-59855.481053
1488;2020;-59518.152205
1488;2021;-62888.967779
1488;2022;-65230.927557
1488;2023;-70200.362264
1488;2024;-76122.332763
1488;2025;-74052.020586
1489;2015;-50059.820211
1489;2016;-52858.009739
1489;2017;-53535.355286
1489;2018;-54748.599951
1489;2019;-56618.855625
1489;2020;-57984.159415
1489;2021;-60757.86682
1489;2022;-61915.092775
1489;2023;-68556.604219
1489;2024;-70345.114929
1489;2025;-73393.877884
1490;2015;-48771.163631
1490;2016;-51544.803422
1490;2017;-53169.753031
1490;2018;-53468.701528
1490;2019;-56629.215667
1490;2020;-57446.180769
1490;2021;-58393.545503
1490;2022;-62180.899122
1490;2023;-66297.769478
1490;2024;-70266.722961
1490;2025;-71155.842691
1491;2015;-49261.939219
1491;2016;-51746.012475
1491;2017;-52312.232466
1491;2018;-54916.383719
1491;2019;-56556.591536
1491;2020;-58062.014249
1491;2021;-59707.566873
1491;2022;-63127.648558
1491;2023;-68563.160202
1491;2024;-71223.213928
1491;2025;-71639.176084
1492;2015;-52150.702325
1492;2016;-56628.622764
1492;2017;-60551.648179
1492;2018;-63717.059748
1492;2019;-66377.557494
1492;2020;-68273.611446
1492;2021;-70593.927586
1492;2022;-74444.171578
1492;2023;-83587.289688
1492;2024;-82546.363178
1492;2025;-82680.537717
1493;2015;-49704.945306
1493;2016;-52029.94012
1493;2017;-53287.5669
1493;2018;-54053.709174
1493;2019;-55993.275462
1493;2020;-57165.585608
1493;2021;-59371.435505
1493;2022;-62753.552972
1493;2023;-67808.009088
1493;2024;-68752.18647
1493;2025;-70001.310348
1494;2015;-49513.830142
1494;2016;-52831.094686
1494;2017;-54173.239508
1494;2018;-54918.052108
1494;2019;-57082.666068
1494;2020;-57503.446737
1494;2021;-58353.435492
1494;2022;-60627.901228
1494;2023;-65517.501665
1494;2024;-73258.701299
1494;2025;-73917.911742
1495;2015;-48918.176474
1495;2016;-48673.533906
1495;2017;-53979.090378
1495;2018;-56048.754581
1495;2019;-57783.511175
1495;2020;-59159.347419
1495;2021;-60908.231903
1495;2022;-63077.525993
1495;2023;-70476.519781
1495;2024;-76189.4478
1495;2025;-72947.315096
1496;2015;-44554.345999
1496;2016;-46440.082759
1496;2017;-49029.140518
1496;2018;-51844.99991
1496;2019;-51802.948586
1496;2020;-52779.524925
1496;2021;-57090.185211
1496;2022;-59740.389468
1496;2023;-64784.429479
1496;2024;-68229.157686
1496;2025;-67332.990115
1497;2015;-49926.416565
1497;2016;-51756.078691
1497;2017;-54141.867371
1497;2018;-55078.356582
1497;2019;-57062.540717
1497;2020;-58577.852422
1497;2021;-60707.137442
1497;2022;-63573.298713
1497;2023;-69627.34932
1497;2024;-72196.898396
1497;2025;-73690.62433
1498;2015;-47588.286368
1498;2016;-49702.899117
1498;2017;-54021.984876
1498;2018;-55699.407546
1498;2019;-59016.347501
1498;2020;-60291.712275
1498;2021;-62616.140351
1498;2022;-63629.721941
1498;2023;-71888.386946
1498;2024;-74058.492776
1498;2025;-73726.209171
1499;2015;-51770.60072
1499;2016;-53381.058343
1499;2017;-55005.532545
1499;2018;-58302.970894
1499;2019;-59778.950851
1499;2020;-60747.427643
1499;2021;-64297.896002
1499;2022;-65741.820041
1499;2023;-73217.483556
1499;2024;-77023.014083
1499;2025;-75631.914375
1715;2015;-51374.936451
1715;2016;-51976.525424
1715;2017;-55042.149454
1715;2018;-57813.576325
1715;2019;-58545.627534
1715;2020;-60535.864631
1715;2021;-62071.204879
1715;2022;-65679.653322
1715;2023;-73785.022755
1715;2024;-74742.309925
1715;2025;-73960.662009
1730;2015;-52840.094062
1730;2016;-53920.361248
1730;2017;-56150.498956
1730;2018;-62472.186589
1730;2019;-59723.493695
1730;2020;-62381.403509
1730;2021;-65816.725559
1730;2022;-69533.567663
1730;2023;-77118.83751
1730;2024;-79268.30718
1730;2025;-79511.28001
1737;2015;-57420.654912
1737;2016;-59826.9373
1737;2017;-64041.37931
1737;2018;-64882.66917
1737;2019;-67420.884986
1737;2020;-67949.173089
1737;2021;-67717.311715
1737;2022;-71235.737446
1737;2023;-76573.987881
1737;2024;-78608.161823
1737;2025;-77641.780458
1760;2015;-55267.609127
1760;2016;-58303.015324
1760;2017;-58947.853505
1760;2018;-61579.038224
1760;2019;-65045.092177
1760;2020;-65307.518797
1760;2021;-66356.382979
1760;2022;-69962.905719
1760;2023;-71724.019995
1760;2024;-72034.05491
1760;2025;-75114.64125
1761;2015;-50808.106355
1761;2016;-50761.081081
1761;2017;-52142.821813
1761;2018;-56559.546199
1761;2019;-59622.827137
1761;2020;-63814.074874
1761;2021;-66497.703549
1761;2022;-65722.235434
1761;2023;-68890.791027
1761;2024;-73470.044727
1761;2025;-72418.43846
1762;2015;-54395.577396
1762;2016;-52613.162119
1762;2017;-57996.013819
1762;2018;-60945.104249
1762;2019;-62887.433155
1762;2020;-65640.805369
1762;2021;-67183.423913
1762;2022;-70893.272089
1762;2023;-78068.683565
1762;2024;-82538.482759
1762;2025;-79849.051416
1763;2015;-52409.965726
1763;2016;-55499.257707
1763;2017;-56325.918846
1763;2018;-59523.44157
1763;2019;-60763.1968
1763;2020;-61046.424852
1763;2021;-61944.856109
1763;2022;-67237.692175
1763;2023;-71746.48986
1763;2024;-75512.5
1763;2025;-76264.708454
1764;2015;-51517.384013
1764;2016;-52652.653647
1764;2017;-57287.093552
1764;2018;-57971.384206
1764;2019;-60366.751409
1764;2020;-61008.736039
1764;2021;-64488.065119
1764;2022;-65243.492586
1764;2023;-69150.822568
1764;2024;-72350.510884
1764;2025;-75170.544387
1765;2015;-51964.130104
1765;2016;-54067.784696
1765;2017;-55179.030961
1765;2018;-58082.60913
1765;2019;-58989.275074
1765;2020;-60593.737495
1765;2021;-63852.444176
1765;2022;-65235.626387
1765;2023;-71340.341656
1765;2024;-74142.391858
1765;2025;-76113.005958
1766;2015;-52896.123561
1766;2016;-54621.527002
1766;2017;-55956.267347
1766;2018;-58819.923083
1766;2019;-60065.759808
1766;2020;-61015.673041
1766;2021;-63753.350805
1766;2022;-66874.049784
1766;2023;-71121.577136
1766;2024;-74421.832884
1766;2025;-73955.21941
1780;2015;-50593.83719
1780;2016;-49553.770594
1780;2017;-51153.21554
1780;2018;-53525.357579
1780;2019;-52400.072419
1780;2020;-53145.347366
1780;2021;-54288.424451
1780;2022;-57651.037671
1780;2023;-62521.078235
1780;2024;-64005.403532
1780;2025;-64878.83685
1781;2015;-50130.65513
1781;2016;-52758.947752
1781;2017;-54971.27789
1781;2018;-58331.607495
1781;2019;-60432.323232
1781;2020;-59541.132699
1781;2021;-63899.622391
1781;2022;-66412.838315
1781;2023;-71246.21069
1781;2024;-74087.893585
1781;2025;-72673.632895
1782;2015;-57519.152941
1782;2016;-58344.981752
1782;2017;-64227.951405
1782;2018;-64449.94002
1782;2019;-69211.104848
1782;2020;-70740.64553
1782;2021;-72844.179564
1782;2022;-76944.837615
1782;2023;-80530.29699
1782;2024;-81688.829787
1782;2025;-85472.831169
1783;2015;-54571.803112
1783;2016;-54673.323823
1783;2017;-58869.546766
1783;2018;-60124.038297
1783;2019;-61224.022058
1783;2020;-62745.593471
1783;2021;-63341.383191
1783;2022;-67159.979291
1783;2023;-74083.391123
1783;2024;-76571.466106
1783;2025;-77533.468739
1784;2015;-51746.217252
1784;2016;-52215.859369
1784;2017;-55130.353031
1784;2018;-58063.952151
1784;2019;-60195.968516
1784;2020;-58609.86426
1784;2021;-63669.374178
1784;2022;-66295.795912
1784;2023;-72956.701191
1784;2024;-76189.533018
1784;2025;-76311.594773
1785;2015;-52567.746974
1785;2016;-53525.363014
1785;2017;-57915.813569
1785;2018;-62820.111232
1785;2019;-65277.968295
1785;2020;-63456.679637
1785;2021;-67978.890621
1785;2022;-71477.299567
1785;2023;-78727.333289
1785;2024;-80972.280019
1785;2025;-76660.341556
1814;2015;-50645.888948
1814;2016;-51701.414353
1814;2017;-51573.335028
1814;2018;-55892.311483
1814;2019;-57629.706097
1814;2020;-59495.278565
1814;2021;-62269.092177
1814;2022;-66690.954774
1814;2023;-72226.121311
1814;2024;-76513.246572
1814;2025;-73709.45632
1860;2015;-51196.782178
1860;2016;-55195.655982
1860;2017;-58639.553429
1860;2018;-61152.031222
1860;2019;-64083.230688
1860;2020;-63663.014667
1860;2021;-67140.630598
1860;2022;-70153.873745
1860;2023;-77742.223031
1860;2024;-80259.081689
1860;2025;-80364.461738
1861;2015;-47756.270553
1861;2016;-50595.629114
1861;2017;-51059.126287
1861;2018;-53469.161339
1861;2019;-54750.690434
1861;2020;-56626.641651
1861;2021;-58110.706347
1861;2022;-63240.515654
1861;2023;-66264.539182
1861;2024;-71412.841191
1861;2025;-72667.392115
1862;2015;-51798.281463
1862;2016;-54779.061297
1862;2017;-56810.612329
1862;2018;-57682.152095
1862;2019;-63904.924478
1862;2020;-63756.100093
1862;2021;-67893.538913
1862;2022;-68175.655824
1862;2023;-75349.577856
1862;2024;-78267.298987
1862;2025;-78315.362131
1863;2015;-52151.166098
1863;2016;-54898.851219
1863;2017;-57834.153889
1863;2018;-60333.237863
1863;2019;-63872.950235
1863;2020;-66239.414153
1863;2021;-69067.60111
1863;2022;-75903.395433
1863;2023;-83963.972286
1863;2024;-85289.985762
1863;2025;-84299.728824
1864;2015;-50314.326299
1864;2016;-48400.918897
1864;2017;-53758.802104
1864;2018;-57186.75196
1864;2019;-57531.963949
1864;2020;-60986.093282
1864;2021;-64054.083406
1864;2022;-68193.491255
1864;2023;-77164.964829
1864;2024;-80715.495537
1864;2025;-81859.207459
1880;2015;-47883.280166
1880;2016;-49740.109527
1880;2017;-52282.338929
1880;2018;-54601.452725
1880;2019;-57613.496814
1880;2020;-56494.267206
1880;2021;-58419.607993
1880;2022;-60421.613722
1880;2023;-66320.757085
1880;2024;-69231.129012
1880;2025;-69756.495547
1881;2015;-49279.04888
1881;2016;-51552.873348
1881;2017;-53305.86813
1881;2018;-55545.887246
1881;2019;-57353.896403
1881;2020;-57979.965236
1881;2021;-59159.546604
1881;2022;-59100.805196
1881;2023;-67323.458874
1881;2024;-71210.881354
1881;2025;-71669.269799
1882;2015;-50126.446059
1882;2016;-54291.880872
1882;2017;-57747.114094
1882;2018;-56896.225581
1882;2019;-58904.280566
1882;2020;-58552.698108
1882;2021;-60701.144443
1882;2022;-64665.738888
1882;2023;-70090.695243
1882;2024;-73052.104208
1882;2025;-72748.989633
1883;2015;-48865.37001
1883;2016;-50097.943546
1883;2017;-52514.714103
1883;2018;-55275.880206
1883;2019;-58325.795728
1883;2020;-57342.497439
1883;2021;-59368.958833
1883;2022;-62997.291763
1883;2023;-67214.797925
1883;2024;-73317.395626
1883;2025;-74389.936272
1884;2015;-52380.498953
1884;2016;-54203.469292
1884;2017;-55603.61031
1884;2018;-59016.019372
1884;2019;-61117.19187
1884;2020;-62435.148793
1884;2021;-64447.905979
1884;2022;-65563.872535
1884;2023;-73920.391456
1884;2024;-76117.304258
1884;2025;-76606.526455
1885;2015;-50400.560224
1885;2016;-56355.837264
1885;2017;-58939.31309
1885;2018;-60189.183457
1885;2019;-62411.395625
1885;2020;-63312.536985
1885;2021;-67296.089149
1885;2022;-67856.283337
1885;2023;-77476.386742
1885;2024;-80162.266108
1885;2025;-79573.86808
1904;2015;-48761.851521
1904;2016;-53803.567397
1904;2017;-57233.130219
1904;2018;-59285.391736
1904;2019;-63362.394719
1904;2020;-66685.982593
1904;2021;-69325.554793
1904;2022;-67366.424353
1904;2023;-77717.111316
1904;2024;-81728.618421
1904;2025;-80091.875295
1907;2015;-47563.545318
1907;2016;-49655.432946
1907;2017;-52998.605161
1907;2018;-56009.714512
1907;2019;-56525.331486
1907;2020;-56039.239001
1907;2021;-56809.981186
1907;2022;-62002.292435
1907;2023;-68119.790618
1907;2024;-70513.96648
1907;2025;-70023.630946
1960;2015;-53206.280714
1960;2016;-55361.717268
1960;2017;-54961.641288
1960;2018;-60470.751125
1960;2019;-65317.809798
1960;2020;-68702.001144
1960;2021;-67700.921816
1960;2022;-71927.527962
1960;2023;-77267.499711
1960;2024;-79038.532321
1960;2025;-80473.333333
1961;2015;-52950.01598
1961;2016;-55461.213154
1961;2017;-58085.635704
1961;2018;-60258.000741
1961;2019;-61904.624985
1961;2020;-61769.756098
1961;2021;-63416.184971
1961;2022;-66531.206989
1961;2023;-71495.256395
1961;2024;-77347.86525
1961;2025;-76120.542169
1962;2015;-52157.332414
1962;2016;-56970.146678
1962;2017;-53949.620428
1962;2018;-62773.425367
1962;2019;-59584.885764
1962;2020;-60185.547216
1962;2021;-61189.359468
1962;2022;-66442.331615
1962;2023;-75195.033533
1962;2024;-75892.516508
1962;2025;-79003.737619
1980;2015;-45567.98744
1980;2016;-47969.569936
1980;2017;-48615.057216
1980;2018;-51196.859506
1980;2019;-52942.135295
1980;2020;-54080.578074
1980;2021;-54231.927212
1980;2022;-57143.041733
1980;2023;-61820.220215
1980;2024;-66245.340339
1980;2025;-66416.484743
1981;2015;-50876.837487
1981;2016;-53053.907753
1981;2017;-54449.604525
1981;2018;-60630.566269
1981;2019;-61870.97056
1981;2020;-62364.542791
1981;2021;-65074.702148
1981;2022;-69670.815021
1981;2023;-72856.867807
1981;2024;-73744.473143
1981;2025;-75675.088496
1982;2015;-54795.348487
1982;2016;-57326.664187
1982;2017;-58045.09877
1982;2018;-61660.87344
1982;2019;-62952.35606
1982;2020;-65963.970755
1982;2021;-66626.54854
1982;2022;-71708.867401
1982;2023;-70009.075783
1982;2024;-79580.553856
1982;2025;-79514.75029
1983;2015;-53352.78006
1983;2016;-55274.566474
1983;2017;-57548.207995
1983;2018;-58397.061063
1983;2019;-60512.245365
1983;2020;-62041.288097
1983;2021;-67144.070715
1983;2022;-70264.433384
1983;2023;-74133.997998
1983;2024;-76776.672238
1983;2025;-77838.188208
1984;2015;-53684.875162
1984;2016;-53282.888585
1984;2017;-56770.848285
1984;2018;-59440.231999
1984;2019;-59788.954355
1984;2020;-60010.470831
1984;2021;-64318.794326
1984;2022;-70749.698218
1984;2023;-70782.173975
1984;2024;-75765.09299
1984;2025;-76651.877378
2021;2015;-54916.604617
2021;2016;-57085.124927
2021;2017;-60326.751499
2021;2018;-62222.271191
2021;2019;-59722.556943
2021;2020;-60775.768269
2021;2021;-64820.838253
2021;2022;-72040.441176
2021;2023;-78855.083234
2021;2024;-85559.241706
2021;2025;-82125.945705
2023;2015;-60085.990434
2023;2016;-59338.816767
2023;2017;-63716.729286
2023;2018;-63712.547002
2023;2019;-62900.769383
2023;2020;-65422.128329
2023;2021;-66157.369348
2023;2022;-72125.268083
2023;2023;-77861.013645
2023;2024;-79816.754437
2023;2025;-80678.865777
2026;2015;-52361.64302
2026;2016;-54058.869779
2026;2017;-56817.693585
2026;2018;-57963.489436
2026;2019;-59746.700311
2026;2020;-59732.607439
2026;2021;-63195.772234
2026;2022;-65900.942947
2026;2023;-71870.853308
2026;2024;-74613.92527
2026;2025;-78245.755312
2029;2015;-49131.410675
2029;2016;-51725.543303
2029;2017;-54107.225064
2029;2018;-56497.53227
2029;2019;-56797.304991
2029;2020;-58235.934435
2029;2021;-59508.618536
2029;2022;-62960.218457
2029;2023;-66921.398741
2029;2024;-69786.453492
2029;2025;-69536.153894
2031;2015;-56578.120643
2031;2016;-57875.55269
2031;2017;-60882.901172
2031;2018;-61212.890804
2031;2019;-63087.762557
2031;2020;-61475.966326
2031;2021;-63985.859678
2031;2022;-67744.230076
2031;2023;-73961.782286
2031;2024;-78882.705947
2031;2025;-79258.334852
2034;2015;-54560.0
2034;2016;-54896.22504
2034;2017;-57800.929287
2034;2018;-59582.849681
2034;2019;-61329.764144
2034;2020;-61792.932965
2034;2021;-64957.646719
2034;2022;-66629.939429
2034;2023;-71833.671106
2034;2024;-77082.761641
2034;2025;-75071.283686
2039;2015;-59788.628287
2039;2016;-62105.128569
2039;2017;-65585.172609
2039;2018;-64860.132004
2039;2019;-68065.709003
2039;2020;-68736.527798
2039;2021;-70699.801193
2039;2022;-72896.124252
2039;2023;-80044.162217
2039;2024;-85205.172915
2039;2025;-87103.645147
2061;2015;-49631.510658
2061;2016;-51455.770465
2061;2017;-53743.344961
2061;2018;-54528.769386
2061;2019;-55673.214614
2061;2020;-57802.469136
2061;2021;-61250.800329
2061;2022;-64599.066105
2061;2023;-67813.891689
2061;2024;-70773.168253
2061;2025;-73667.224391
2062;2015;-54354.609223
2062;2016;-54222.693427
2062;2017;-57335.362561
2062;2018;-59633.055419
2062;2019;-61589.447973
2062;2020;-62236.531329
2062;2021;-64883.696178
2062;2022;-68015.184487
2062;2023;-74255.648617
2062;2024;-78981.694255
2062;2025;-79301.288016
2080;2015;-52270.495251
2080;2016;-53946.831932
2080;2017;-55707.353445
2080;2018;-57052.81469
2080;2019;-58618.893714
2080;2020;-59929.360973
2080;2021;-62258.86993
2080;2022;-66510.715838
2080;2023;-70310.722502
2080;2024;-71490.933356
2080;2025;-73441.00777
2081;2015;-56046.52075
2081;2016;-54946.031315
2081;2017;-60970.460319
2081;2018;-62612.994026
2081;2019;-64418.501616
2081;2020;-65944.230255
2081;2021;-66874.803843
2081;2022;-68495.975315
2081;2023;-75082.130086
2081;2024;-75957.005348
2081;2025;-77016.103906
2082;2015;-52124.080298
2082;2016;-52799.567021
2082;2017;-56485.215054
2082;2018;-57868.111121
2082;2019;-59384.116109
2082;2020;-60527.282502
2082;2021;-63152.641879
2082;2022;-65315.322509
2082;2023;-70350.084497
2082;2024;-74518.845229
2082;2025;-74074.140082
2083;2015;-70388.513292
2083;2016;-61107.302244
2083;2017;-60699.408968
2083;2018;-61543.895969
2083;2019;-63339.164676
2083;2020;-62685.61635
2083;2021;-64089.921076
2083;2022;-66178.980768
2083;2023;-74906.028022
2083;2024;-78160.984229
2083;2025;-79390.415973
2084;2015;-48631.403362
2084;2016;-52407.970295
2084;2017;-54682.404541
2084;2018;-57004.716374
2084;2019;-59176.676158
2084;2020;-59176.529241
2084;2021;-61442.181025
2084;2022;-65538.941218
2084;2023;-70626.730541
2084;2024;-76427.488067
2084;2025;-75522.757757
2085;2015;-53970.411957
2085;2016;-58593.398433
2085;2017;-60157.713397
2085;2018;-61709.752839
2085;2019;-61708.60287
2085;2020;-65853.104796
2085;2021;-68681.586595
2085;2022;-71200.774105
2085;2023;-76737.330505
2085;2024;-79521.401216
2085;2025;-78753.76697
2101;2015;-54828.346726
2101;2016;-56789.788251
2101;2017;-58947.761194
2101;2018;-60449.204199
2101;2019;-63037.74543
2101;2020;-65335.486064
2101;2021;-67481.15942
2101;2022;-70903.281223
2101;2023;-78986.106287
2101;2024;-83452.143482
2101;2025;-83528.258968
2104;2015;-60753.577107
2104;2016;-67362.609787
2104;2017;-69338.612836
2104;2018;-67172.46407
2104;2019;-67266.791823
2104;2020;-66314.211076
2104;2021;-69367.508875
2104;2022;-70507.918074
2104;2023;-76044.271389
2104;2024;-82223.575046
2104;2025;-79384.329175
2121;2015;-50931.205859
2121;2016;-51392.055713
2121;2017;-56570.247222
2121;2018;-59469.103047
2121;2019;-58021.251071
2121;2020;-59819.568197
2121;2021;-64170.011101
2121;2022;-64984.598176
2121;2023;-73187.158351
2121;2024;-76946.477383
2121;2025;-79047.817601
2132;2015;-53425.184405
2132;2016;-57342.235306
2132;2017;-59763.843476
2132;2018;-58946.096459
2132;2019;-61479.793183
2132;2020;-60759.253401
2132;2021;-62696.518987
2132;2022;-65119.848213
2132;2023;-74195.410886
2132;2024;-77262.362341
2132;2025;-78278.543731
2161;2015;-56877.384769
2161;2016;-59376.042377
2161;2017;-61464.368299
2161;2018;-63244.942994
2161;2019;-65392.052351
2161;2020;-66300.100705
2161;2021;-67916.560306
2161;2022;-68634.702467
2161;2023;-75359.262056
2161;2024;-78986.337761
2161;2025;-80596.452087
2180;2015;-49946.650889
2180;2016;-51395.147713
2180;2017;-53509.298927
2180;2018;-57017.988271
2180;2019;-56680.827589
2180;2020;-58076.20695
2180;2021;-68638.516134
2180;2022;-65077.309576
2180;2023;-72705.279527
2180;2024;-75576.927522
2180;2025;-70893.850617
2181;2015;-50020.488594
2181;2016;-52133.55927
2181;2017;-55080.694873
2181;2018;-57855.488676
2181;2019;-59957.129021
2181;2020;-59270.170527
2181;2021;-63286.726115
2181;2022;-63108.982557
2181;2023;-68962.902558
2181;2024;-74129.275287
2181;2025;-72991.533668
2182;2015;-51707.659492
2182;2016;-55385.272392
2182;2017;-61243.96866
2182;2018;-60844.329536
2182;2019;-62478.142183
2182;2020;-63914.639887
2182;2021;-66621.59082
2182;2022;-70599.730778
2182;2023;-76835.264301
2182;2024;-79103.768588
2182;2025;-78020.610024
2183;2015;-51815.108671
2183;2016;-62333.432359
2183;2017;-57818.745821
2183;2018;-58745.655959
2183;2019;-61227.499256
2183;2020;-62716.214704
2183;2021;-66026.16529
2183;2022;-67558.255709
2183;2023;-74866.585901
2183;2024;-76698.395763
2183;2025;-78370.243677
2184;2015;-53089.952671
2184;2016;-53355.076544
2184;2017;-56633.432261
2184;2018;-58750.040075
2184;2019;-66701.677879
2184;2020;-60509.498814
2184;2021;-62454.323866
2184;2022;-63810.20484
2184;2023;-70951.81299
2184;2024;-73050.335749
2184;2025;-74818.349803
2260;2015;-58032.5503
2260;2016;-58860.242233
2260;2017;-65004.852321
2260;2018;-67258.527255
2260;2019;-68314.620009
2260;2020;-68998.699328
2260;2021;-72498.212932
2260;2022;-75483.53932
2260;2023;-80997.584806
2260;2024;-86678.571429
2260;2025;-84968.666667
2262;2015;-53252.126536
2262;2016;-55785.404624
2262;2017;-57279.977815
2262;2018;-62003.266888
2262;2019;-61777.796318
2262;2020;-63421.366142
2262;2021;-66749.260726
2262;2022;-68333.445984
2262;2023;-74506.442417
2262;2024;-76933.850808
2262;2025;-76965.015746
2280;2015;-56491.183276
2280;2016;-59887.213582
2280;2017;-63761.016276
2280;2018;-65875.796178
2280;2019;-66262.399238
2280;2020;-66754.439755
2280;2021;-72418.679034
2280;2022;-73963.744523
2280;2023;-78419.363998
2280;2024;-82302.834999
2280;2025;-81153.688188
2281;2015;-53409.758995
2281;2016;-54531.706077
2281;2017;-56134.288028
2281;2018;-60058.14871
2281;2019;-61832.004344
2281;2020;-62452.297388
2281;2021;-64585.130254
2281;2022;-63116.957358
2281;2023;-70536.814732
2281;2024;-75940.372345
2281;2025;-76028.404842
2282;2015;-58238.629555
2282;2016;-59672.12676
2282;2017;-63607.415368
2282;2018;-68055.311296
2282;2019;-66885.844
2282;2020;-69732.973033
2282;2021;-71706.137184
2282;2022;-74252.401698
2282;2023;-83318.58658
2282;2024;-84978.160197
2282;2025;-82886.774008
2283;2015;-58201.182834
2283;2016;-60813.262118
2283;2017;-64093.155411
2283;2018;-67988.871795
2283;2019;-70431.452456
2283;2020;-72903.825774
2283;2021;-73900.393324
2283;2022;-73393.260835
2283;2023;-84631.809102
2283;2024;-89159.436834
2283;2025;-87067.81343
2284;2015;-54046.135022
2284;2016;-56258.594811
2284;2017;-58304.921712
2284;2018;-61376.954483
2284;2019;-63233.794064
2284;2020;-64116.186142
2284;2021;-66295.75623
2284;2022;-69392.029807
2284;2023;-74081.672014
2284;2024;-77497.646231
2284;2025;-77690.249015
2303;2015;-57434.007797
2303;2016;-60530.56325
2303;2017;-63530.492285
2303;2018;-64824.817518
2303;2019;-66419.000757
2303;2020;-70792.242704
2303;2021;-70934.740883
2303;2022;-74972.168535
2303;2023;-80798.247322
2303;2024;-81278.468714
2303;2025;-82452.445652
2305;2015;-66349.806352
2305;2016;-66731.977819
2305;2017;-69062.759575
2305;2018;-70807.873275
2305;2019;-73632.581772
2305;2020;-77817.343472
2305;2021;-80418.785425
2305;2022;-79757.870821
2305;2023;-86073.946549
2305;2024;-92468.931234
2305;2025;-92969.579832
2309;2015;-57339.398039
2309;2016;-59988.883649
2309;2017;-63816.348409
2309;2018;-65456.589043
2309;2019;-68411.933716
2309;2020;-68872.857712
2309;2021;-69500.260552
2309;2022;-70745.815091
2309;2023;-77570.246874
2309;2024;-80490.688776
2309;2025;-81166.761633
2313;2015;-63112.10724
2313;2016;-63756.287577
2313;2017;-66998.218981
2313;2018;-70912.073827
2313;2019;-72427.746661
2313;2020;-72185.584958
2313;2021;-74944.391179
2313;2022;-77415.284724
2313;2023;-84734.725097
2313;2024;-88362.7869
2313;2025;-90189.563463
2321;2015;-50677.437482
2321;2016;-52041.035354
2321;2017;-55923.322684
2321;2018;-59273.137306
2321;2019;-60977.999488
2321;2020;-62327.662047
2321;2021;-60373.319208
2321;2022;-61143.714517
2321;2023;-70655.166881
2321;2024;-72080.51682
2321;2025;-72323.805795
2326;2015;-64989.192264
2326;2016;-66050.416608
2326;2017;-69946.222971
2326;2018;-72876.426659
2326;2019;-73912.335363
2326;2020;-74262.5
2326;2021;-78268.675543
2326;2022;-81808.389075
2326;2023;-89331.092437
2326;2024;-94709.763647
2326;2025;-92948.341567
2361;2015;-63465.5038
2361;2016;-66915.980392
2361;2017;-67864.585385
2361;2018;-70750.073913
2361;2019;-71785.43112
2361;2020;-70878.450844
2361;2021;-73131.698636
2361;2022;-75555.32646
2361;2023;-84645.933958
2361;2024;-86202.457002
2361;2025;-88445.487793
2380;2015;-53197.360233
2380;2016;-56790.995222
2380;2017;-58473.538761
2380;2018;-60403.941354
2380;2019;-63169.272017
2380;2020;-63777.010237
2380;2021;-66993.905852
2380;2022;-68026.084
2380;2023;-74756.816325
2380;2024;-77995.90637
2380;2025;-78618.505919
2401;2015;-58642.492918
2401;2016;-60930.734717
2401;2017;-64718.288047
2401;2018;-67441.275639
2401;2019;-70140.697186
2401;2020;-69622.537985
2401;2021;-70329.15493
2401;2022;-74212.567223
2401;2023;-82457.272857
2401;2024;-83339.671564
2401;2025;-84834.902245
2403;2015;-58734.203017
2403;2016;-55544.00978
2403;2017;-67234.598123
2403;2018;-73127.346939
2403;2019;-70484.219269
2403;2020;-75926.686217
2403;2021;-71924.425887
2403;2022;-75496.627319
2403;2023;-80743.611584
2403;2024;-81850.784231
2403;2025;-82288.783842
2404;2015;-61078.942469
2404;2016;-64700.351007
2404;2017;-65819.844789
2404;2018;-68303.715968
2404;2019;-72466.90024
2404;2020;-72198.541477
2404;2021;-71754.414414
2404;2022;-74963.117733
2404;2023;-82311.66453
2404;2024;-85010.153221
2404;2025;-86756.871426
2409;2015;-56706.542608
2409;2016;-58435.436321
2409;2017;-61619.840802
2409;2018;-63917.03638
2409;2019;-66065.214169
2409;2020;-64750.0
2409;2021;-68336.42794
2409;2022;-73731.17325
2409;2023;-76968.694362
2409;2024;-82605.082212
2409;2025;-83163.002274
2417;2015;-62089.559387
2417;2016;-65577.212121
2417;2017;-66476.994616
2417;2018;-70562.774792
2417;2019;-73325.639739
2417;2020;-85135.868188
2417;2021;-85499.874087
2417;2022;-81660.24829
2417;2023;-89584.097859
2417;2024;-89870.715726
2417;2025;-89413.802152
2418;2015;-61835.638469
2418;2016;-63891.290323
2418;2017;-62683.689754
2418;2018;-68656.310058
2418;2019;-70421.447197
2418;2020;-69050.595238
2418;2021;-71798.945287
2418;2022;-73346.521596
2418;2023;-83469.565217
2418;2024;-86482.781904
2418;2025;-94427.291523
2421;2015;-64015.480397
2421;2016;-66863.705713
2421;2017;-68392.917655
2421;2018;-69738.667118
2421;2019;-72745.557075
2421;2020;-74284.586337
2421;2021;-76255.165289
2421;2022;-78714.11171
2421;2023;-84486.924035
2421;2024;-89964.317734
2421;2025;-90260.869565
2422;2015;-63358.505564
2422;2016;-64941.22288
2422;2017;-71087.440382
2422;2018;-72597.938144
2422;2019;-74810.767376
2422;2020;-75683.046683
2422;2021;-74539.02439
2422;2022;-80293.924466
2422;2023;-84731.04315
2422;2024;-88792.957149
2422;2025;-93895.004234
2425;2015;-79355.109489
2425;2016;-73577.418168
2425;2017;-82422.146636
2425;2018;-77379.672897
2425;2019;-78635.04508
2425;2020;-79371.096878
2425;2021;-87673.03782
2425;2022;-88029.838375
2425;2023;-97719.538264
2425;2024;-109333.04272
2425;2025;-101170.459616
2460;2015;-60420.225765
2460;2016;-62129.039678
2460;2017;-62319.507748
2460;2018;-65151.849744
2460;2019;-65192.628494
2460;2020;-67695.45404
2460;2021;-67752.705986
2460;2022;-73014.727212
2460;2023;-76201.346727
2460;2024;-79518.068331
2460;2025;-79188.401084
2462;2015;-72161.224191
2462;2016;-66643.203527
2462;2017;-74763.665832
2462;2018;-82975.266588
2462;2019;-84743.40132
2462;2020;-82260.590304
2462;2021;-81805.705474
2462;2022;-86709.369623
2462;2023;-94563.94699
2462;2024;-95882.966768
2462;2025;-95105.638367
2463;2015;-70388.418079
2463;2016;-70121.043478
2463;2017;-73400.142399
2463;2018;-79769.421781
2463;2019;-80013.242663
2463;2020;-74944.741533
2463;2021;-76676.166726
2463;2022;-80924.514738
2463;2023;-92405.813098
2463;2024;-99868.968077
2463;2025;-93032.799105
2480;2015;-50763.920283
2480;2016;-51486.09348
2480;2017;-51626.942757
2480;2018;-54678.820633
2480;2019;-55821.211628
2480;2020;-56283.311832
2480;2021;-58367.016039
2480;2022;-57788.898552
2480;2023;-64710.904569
2480;2024;-67678.656824
2480;2025;-68071.15241
2481;2015;-65291.943829
2481;2016;-62792.647904
2481;2017;-64695.031411
2481;2018;-67624.95911
2481;2019;-71235.279706
2481;2020;-73135.426809
2481;2021;-74693.330072
2481;2022;-87380.380626
2481;2023;-82434.209449
2481;2024;-88726.935138
2481;2025;-87882.3094
2482;2015;-54607.460677
2482;2016;-59200.592256
2482;2017;-61689.575513
2482;2018;-63817.972318
2482;2019;-64879.678739
2482;2020;-61553.844042
2482;2021;-63033.899691
2482;2022;-59348.969114
2482;2023;-71245.329362
2482;2024;-75564.862444
2482;2025;-81149.80439
2505;2015;-60031.370731
2505;2016;-61733.933561
2505;2017;-65570.341615
2505;2018;-70401.484054
2505;2019;-69807.55627
2505;2020;-74115.378356
2505;2021;-75406.96728
2505;2022;-76986.417935
2505;2023;-80047.276296
2505;2024;-80984.069634
2505;2025;-79695.486226
2506;2015;-61208.174576
2506;2016;-60029.207232
2506;2017;-68581.708614
2506;2018;-73186.113099
2506;2019;-69783.842011
2506;2020;-69931.935247
2506;2021;-77676.394533
2506;2022;-86242.594676
2506;2023;-89582.981985
2506;2024;-94666.794921
2506;2025;-95532.29572
2510;2015;-62316.837539
2510;2016;-63616.062684
2510;2017;-64213.147018
2510;2018;-68278.344331
2510;2019;-72471.66362
2510;2020;-70706.039992
2510;2021;-74327.196653
2510;2022;-76848.319328
2510;2023;-84427.664975
2510;2024;-84945.11806
2510;2025;-86285.197018
2513;2015;-64525.184094
2513;2016;-64153.937241
2513;2017;-70909.71191
2513;2018;-73221.986675
2513;2019;-75030.769231
2513;2020;-73771.055032
2513;2021;-77198.646986
2513;2022;-89002.531646
2513;2023;-89263.44086
2513;2024;-95023.430178
2513;2025;-90848.570531
2514;2015;-57232.028557
2514;2016;-58748.56685
2514;2017;-58255.241512
2514;2018;-63815.855026
2514;2019;-64526.690167
2514;2020;-65650.581837
2514;2021;-67352.295789
2514;2022;-72274.461186
2514;2023;-79021.354602
2514;2024;-81807.095056
2514;2025;-80420.469447
2518;2015;-66370.193352
2518;2016;-69232.465814
2518;2017;-71175.745349
2518;2018;-71945.351474
2518;2019;-76929.518493
2518;2020;-75532.843253
2518;2021;-78869.389694
2518;2022;-86648.943918
2518;2023;-91057.240705
2518;2024;-93592.802563
2518;2025;-93357.947434
2521;2015;-69652.187954
2521;2016;-72545.945062
2521;2017;-73564.497623
2521;2018;-74395.264117
2521;2019;-76150.198282
2521;2020;-77235.16594
2521;2021;-79053.239578
2521;2022;-85708.652048
2521;2023;-96111.905979
2521;2024;-100154.345228
2521;2025;-100082.719944
2523;2015;-65390.884511
2523;2016;-57405.546892
2523;2017;43848.807854
2523;2018;-66354.112309
2523;2019;-67464.601517
2523;2020;-75191.501546
2523;2021;-71488.222821
2523;2022;-76621.814007
2523;2023;-87747.836122
2523;2024;-89353.914002
2523;2025;-66646.804786
2560;2015;-60380.911646
2560;2016;-59568.778225
2560;2017;-64055.233261
2560;2018;-66183.783784
2560;2019;-71094.718572
2560;2020;-67455.798361
2560;2021;-68833.187664
2560;2022;-70722.411832
2560;2023;-79548.760118
2560;2024;-84392.847955
2560;2025;-84930.262316
2580;2015;-49427.491852
2580;2016;-53431.705093
2580;2017;-56641.951723
2580;2018;-58074.069791
2580;2019;-58918.609564
2580;2020;-57842.264064
2580;2021;-60086.842406
2580;2022;-61845.31321
2580;2023;-68848.334005
2580;2024;-71290.263042
2580;2025;-72133.530086
2581;2015;-51171.151439
2581;2016;-53383.710386
2581;2017;-55179.357102
2581;2018;-56804.231171
2581;2019;-58606.040538
2581;2020;-59322.407995
2581;2021;-61232.308674
2581;2022;-62951.513149
2581;2023;-68932.245418
2581;2024;-72828.633355
2581;2025;-73191.944813
2582;2015;-56962.383119
2582;2016;-58395.050282
2582;2017;-61799.474823
2582;2018;-65163.269669
2582;2019;-67021.581197
2582;2020;-68169.850321
2582;2021;-69236.647727
2582;2022;-72528.48688
2582;2023;-79412.911999
2582;2024;-84152.411851
2582;2025;-81354.842091
2583;2015;-54984.538704
2583;2016;-58135.036496
2583;2017;-60711.065783
2583;2018;-58918.242207
2583;2019;-64239.339184
2583;2020;-67738.360587
2583;2021;-70876.579612
2583;2022;-72680.728051
2583;2023;-78481.747848
2583;2024;-84226.095509
2583;2025;-84993.242495
2584;2015;38015.014238
2584;2016;-63342.728882
2584;2017;-61161.230317
2584;2018;-39581.071677
2584;2019;-62512.047929
2584;2020;-57129.456407
2584;2021;-37168.166704
2584;2022;-73747.937386
2584;2023;-78253.555031
2584;2024;-78547.088201
2584;2025;-66957.637711
