code;level;class;share_pct;utsatt_pct;sarskilt_pct
0123C1290_DeSO2025;deso;utsatt;25.272;25.272;0
0126C1020_DeSO2025;deso;utsatt;16.808;16.808;0
0126C1030_DeSO2025;deso;utsatt;100.0;100.0;0
0126C1060_DeSO2025;deso;utsatt;100.0;100.0;0
0126C1070_DeSO2025;deso;utsatt;100.0;100.0;0
0126C1081_DeSO2025;deso;utsatt;2.074;2.074;0
0126C1082_DeSO2025;deso;utsatt;32.006;32.006;0
0126C1090_DeSO2025;deso;utsatt;36.35;36.35;0
0126C1100_DeSO2025;deso;utsatt;9.731;9.731;0
0126C1110_DeSO2025;deso;utsatt;100.0;100.0;0
0126C1130_DeSO2025;deso;utsatt;100.0;100.0;0
0126C1140_DeSO2025;deso;utsatt;99.985;99.985;0
0126C1160_DeSO2025;deso;utsatt;90.142;90.142;0
0126C1311_DeSO2025;deso;utsatt;0.799;0.799;0
0126C1370_DeSO2025;deso;utsatt;66.905;66.905;0
0126C1420_DeSO2025;deso;utsatt;9.342;9.205;0
0126C1490_DeSO2025;deso;sarskilt;53.677;52.656;1.021
0126C1510_DeSO2025;deso;utsatt;30.752;30.752;0
0126C1520_DeSO2025;deso;utsatt;100.0;100.0;0
0126C1540_DeSO2025;deso;utsatt;99.328;99.328;0
0126C1550_DeSO2025;deso;utsatt;100.0;100.0;0
0127A0020_DeSO2025;deso;sarskilt;3.628;0;3.628
0127C1080_DeSO2025;deso;utsatt;7.796;7.796;0
0127C1090_DeSO2025;deso;utsatt;58.841;58.841;0
0127C1270_DeSO2025;deso;sarskilt;18.152;0;18.152
0127C1280_DeSO2025;deso;sarskilt;62.809;0;62.809
0127C1290_DeSO2025;deso;sarskilt;100.0;0;100.0
0127C1300_DeSO2025;deso;sarskilt;100.0;0;100.0
0127C1310_DeSO2025;deso;sarskilt;100.0;0;100.0
0127C1320_DeSO2025;deso;sarskilt;70.01;0;70.01
0127C1330_DeSO2025;deso;sarskilt;85.648;0;85.648
0127C1340_DeSO2025;deso;sarskilt;99.994;0;99.994
0127C1351_DeSO2025;deso;sarskilt;99.419;0;99.419
0127C1352_DeSO2025;deso;sarskilt;100.0;0;100.0
0127C1360_DeSO2025;deso;sarskilt;100.0;0;100.0
0127C1370_DeSO2025;deso;sarskilt;100.0;0;100.0
0127C1380_DeSO2025;deso;sarskilt;100.0;0;100.0
0127C1390_DeSO2025;deso;sarskilt;100.0;0;100.0
0127C1400_DeSO2025;deso;sarskilt;100.0;0;100.0
0127C1410_DeSO2025;deso;sarskilt;58.129;0;58.129
0127C1420_DeSO2025;deso;sarskilt;100.0;0;100.0
0127C1431_DeSO2025;deso;sarskilt;100.0;0;100.0
0127C1432_DeSO2025;deso;sarskilt;100.0;0;100.0
0127C1440_DeSO2025;deso;sarskilt;100.0;0;100.0
0127C1450_DeSO2025;deso;sarskilt;23.861;0;23.861
0127C1460_DeSO2025;deso;sarskilt;22.409;0;22.409
0127C1470_DeSO2025;deso;sarskilt;59.013;0;59.013
0136C1090_DeSO2025;deso;utsatt;39.08;39.08;0
0136C1100_DeSO2025;deso;utsatt;43.25;43.25;0
0136C1120_DeSO2025;deso;utsatt;100.0;100.0;0
0136C1130_DeSO2025;deso;utsatt;100.0;100.0;0
0136C1140_DeSO2025;deso;utsatt;44.919;44.919;0
0136C1150_DeSO2025;deso;utsatt;8.564;8.564;0
0136C1180_DeSO2025;deso;utsatt;8.15;8.15;0
0136C1230_DeSO2025;deso;utsatt;16.16;16.16;0
0136C1240_DeSO2025;deso;utsatt;67.886;67.886;0
0136C1260_DeSO2025;deso;utsatt;100.0;100.0;0
0136C1270_DeSO2025;deso;utsatt;99.885;99.885;0
0136C1280_DeSO2025;deso;utsatt;100.0;100.0;0
0136C1320_DeSO2025;deso;utsatt;15.099;15.099;0
0138C1080_DeSO2025;deso;utsatt;2.72;2.72;0
0138C1120_DeSO2025;deso;utsatt;83.111;83.111;0
0138C1130_DeSO2025;deso;utsatt;85.97;85.97;0
0139A0010_DeSO2025;deso;utsatt;0.241;0.241;0
0139B2020_DeSO2025;deso;utsatt;68.925;68.925;0
0139B2030_DeSO2025;deso;utsatt;87.684;87.684;0
0139B2050_DeSO2025;deso;utsatt;36.635;36.635;0
0163C1090_DeSO2025;deso;utsatt;42.305;42.305;0
0163C1120_DeSO2025;deso;utsatt;71.728;71.728;0
0163C1160_DeSO2025;deso;utsatt;7.929;7.929;0
0180C1140_DeSO2025;deso;utsatt;67.715;67.715;0
0180C1160_DeSO2025;deso;utsatt;68.597;68.597;0
0180C1200_DeSO2025;deso;utsatt;98.129;98.129;0
0180C1230_DeSO2025;deso;utsatt;100.0;100.0;0
0180C1280_DeSO2025;deso;utsatt;96.861;96.861;0
0180C1300_DeSO2025;deso;utsatt;100.0;100.0;0
0180C1320_DeSO2025;deso;utsatt;2.317;2.317;0
0180C1330_DeSO2025;deso;utsatt;99.885;99.885;0
0180C1340_DeSO2025;deso;utsatt;65.788;65.788;0
0180C1360_DeSO2025;deso;utsatt;100.0;100.0;0
0180C1380_DeSO2025;deso;utsatt;96.586;96.586;0
0180C1440_DeSO2025;deso;utsatt;3.523;3.523;0
0180C1500_DeSO2025;deso;utsatt;80.996;80.996;0
0180C1560_DeSO2025;deso;utsatt;57.12;57.12;0
0180C1591_DeSO2025;deso;utsatt;99.994;99.994;0
0180C1592_DeSO2025;deso;utsatt;36.82;36.82;0
0180C1690_DeSO2025;deso;utsatt;1.755;1.755;0
0180C1720_DeSO2025;deso;utsatt;99.745;99.745;0
0180C1730_DeSO2025;deso;utsatt;77.569;77.569;0
0180C2150_DeSO2025;deso;utsatt;54.751;54.751;0
0180C2250_DeSO2025;deso;utsatt;92.79;92.79;0
0180C2290_DeSO2025;deso;utsatt;93.377;93.377;0
0180C2500_DeSO2025;deso;utsatt;21.742;21.742;0
0180C2550_DeSO2025;deso;utsatt;54.117;54.117;0
0180C2580_DeSO2025;deso;utsatt;2.192;2.192;0
0180C5610_DeSO2025;deso;utsatt;2.707;2.707;0
0180C5670_DeSO2025;deso;utsatt;98.241;98.241;0
0180C5710_DeSO2025;deso;utsatt;90.702;90.702;0
0180C5760_DeSO2025;deso;utsatt;100.0;100.0;0
0180C5780_DeSO2025;deso;utsatt;91.658;91.658;0
0180C5790_DeSO2025;deso;utsatt;98.841;98.841;0
0180C5810_DeSO2025;deso;utsatt;32.644;32.644;0
0180C6070_DeSO2025;deso;sarskilt;60.8;0;60.8
0180C6080_DeSO2025;deso;sarskilt;2.303;0;2.303
0180C6090_DeSO2025;deso;sarskilt;60.906;0;60.906
0180C6100_DeSO2025;deso;sarskilt;100.0;0;100.0
0180C6110_DeSO2025;deso;sarskilt;97.279;0;97.279
0180C6120_DeSO2025;deso;sarskilt;100.0;0;100.0
0180C6140_DeSO2025;deso;sarskilt;75.699;0;75.699
0180C6151_DeSO2025;deso;sarskilt;57.432;0;57.432
0180C6152_DeSO2025;deso;sarskilt;100.0;0;100.0
0180C6160_DeSO2025;deso;sarskilt;89.783;0;89.783
0180C6170_DeSO2025;deso;sarskilt;98.942;0;98.942
0180C6180_DeSO2025;deso;sarskilt;65.541;0;65.541
0180C6200_DeSO2025;deso;sarskilt;2.511;0;2.511
0180C6210_DeSO2025;deso;sarskilt;35.78;0;35.78
0180C6220_DeSO2025;deso;sarskilt;79.855;45.155;34.7
0180C6230_DeSO2025;deso;sarskilt;100.0;0;100.0
0180C6240_DeSO2025;deso;utsatt;55.345;55.345;0
0180C6250_DeSO2025;deso;sarskilt;87.108;0;83.113
0180C6260_DeSO2025;deso;sarskilt;75.163;0;75.163
0180C6270_DeSO2025;deso;sarskilt;84.914;0;84.914
0180C6310_DeSO2025;deso;sarskilt;23.972;0;23.972
0180C6350_DeSO2025;deso;sarskilt;100.0;0;100.0
0180C6360_DeSO2025;deso;sarskilt;95.554;0;95.554
0180C6370_DeSO2025;deso;sarskilt;75.86;0;75.86
0180C6380_DeSO2025;deso;sarskilt;100.0;0;100.0
0180C6390_DeSO2025;deso;sarskilt;1.321;0;1.321
0180C6400_DeSO2025;deso;sarskilt;84.369;0;84.369
0181A0040_DeSO2025;deso;sarskilt;11.908;10.085;1.823
0181C1030_DeSO2025;deso;sarskilt;24.957;0;24.957
0181C1050_DeSO2025;deso;sarskilt;100.0;0;100.0
0181C1060_DeSO2025;deso;sarskilt;97.879;0;97.879
0181C1070_DeSO2025;deso;utsatt;92.437;92.437;0
0181C1080_DeSO2025;deso;utsatt;46.131;46.131;0
0181C1100_DeSO2025;deso;sarskilt;27.442;0;27.442
0181C1120_DeSO2025;deso;sarskilt;28.163;0;28.163
0181C1150_DeSO2025;deso;utsatt;48.7;48.7;0
0181C1161_DeSO2025;deso;sarskilt;99.925;0;99.925
0181C1190_DeSO2025;deso;sarskilt;65.788;0;65.788
0181C1210_DeSO2025;deso;utsatt;28.69;28.69;0
0181C1220_DeSO2025;deso;sarskilt;73.101;0;73.101
0181C1230_DeSO2025;deso;sarskilt;6.481;0;6.481
0181C1260_DeSO2025;deso;sarskilt;99.542;0;99.542
0181C1270_DeSO2025;deso;sarskilt;61.303;0;61.303
0181C1290_DeSO2025;deso;sarskilt;47.698;0;47.698
0181C1320_DeSO2025;deso;sarskilt;100.0;0;99.922
0181C1370_DeSO2025;deso;utsatt;6.564;6.534;0
0182C1120_DeSO2025;deso;utsatt;31.03;31.03;0
0182C1140_DeSO2025;deso;utsatt;98.715;98.715;0
0182C1150_DeSO2025;deso;utsatt;33.903;33.903;0
0183C1150_DeSO2025;deso;utsatt;55.785;55.785;0
0183C1161_DeSO2025;deso;utsatt;43.576;43.576;0
0183C1162_DeSO2025;deso;utsatt;69.325;69.325;0
0183C1170_DeSO2025;deso;utsatt;33.806;33.806;0
0183C1190_DeSO2025;deso;utsatt;23.313;23.313;0
0183C1200_DeSO2025;deso;utsatt;21.994;21.994;0
0183C1210_DeSO2025;deso;utsatt;22.744;22.744;0
0183C1220_DeSO2025;deso;utsatt;52.256;52.256;0
0184C1130_DeSO2025;deso;utsatt;40.232;40.232;0
0184C1170_DeSO2025;deso;utsatt;21.07;21.07;0
0184C1190_DeSO2025;deso;utsatt;29.753;29.753;0
0184C1200_DeSO2025;deso;utsatt;100.0;100.0;0
0184C1210_DeSO2025;deso;utsatt;33.554;33.554;0
0191C1010_DeSO2025;deso;utsatt;0.533;0.533;0
0191C1020_DeSO2025;deso;utsatt;12.644;12.644;0
0191C1030_DeSO2025;deso;utsatt;100.0;100.0;0
0191C1040_DeSO2025;deso;utsatt;75.651;75.651;0
0191C1050_DeSO2025;deso;utsatt;30.303;30.303;0
0191C1070_DeSO2025;deso;utsatt;42.316;42.316;0
0380C1050_DeSO2025;deso;utsatt;9.464;9.464;0
0380C1060_DeSO2025;deso;utsatt;5.262;5.262;0
0380C1070_DeSO2025;deso;utsatt;99.929;99.929;0
0380C1090_DeSO2025;deso;utsatt;95.951;95.951;0
0380C1100_DeSO2025;deso;utsatt;100.0;100.0;0
0380C1110_DeSO2025;deso;utsatt;98.298;98.298;0
0380C1130_DeSO2025;deso;utsatt;100.0;100.0;0
0380C1150_DeSO2025;deso;utsatt;100.0;100.0;0
0380C1160_DeSO2025;deso;utsatt;100.0;100.0;0
0380C1180_DeSO2025;deso;utsatt;54.174;54.174;0
0380C1200_DeSO2025;deso;utsatt;19.097;19.097;0
0380C1211_DeSO2025;deso;utsatt;38.313;38.313;0
0380C1212_DeSO2025;deso;utsatt;33.818;33.818;0
0380C1260_DeSO2025;deso;utsatt;0.955;0.955;0
0484C1050_DeSO2025;deso;utsatt;12.067;12.067;0
0484C1090_DeSO2025;deso;utsatt;37.432;37.432;0
0484C1360_DeSO2025;deso;utsatt;66.609;66.609;0
0484C1370_DeSO2025;deso;utsatt;18.697;18.697;0
0484C1390_DeSO2025;deso;utsatt;18.994;18.994;0
0484C1410_DeSO2025;deso;utsatt;8.355;8.355;0
0484C1430_DeSO2025;deso;utsatt;6.502;6.502;0
0580C1610_DeSO2025;deso;sarskilt;70.895;0;70.895
0580C1630_DeSO2025;deso;sarskilt;80.476;0;80.476
0580C1660_DeSO2025;deso;sarskilt;100.0;0;100.0
0580C1670_DeSO2025;deso;sarskilt;6.963;0;6.963
0580C1680_DeSO2025;deso;sarskilt;99.502;0;99.502
0581C1020_DeSO2025;deso;utsatt;5.461;5.461;0
0581C1030_DeSO2025;deso;utsatt;14.769;14.769;0
0581C1070_DeSO2025;deso;utsatt;52.523;52.523;0
0581C1100_DeSO2025;deso;utsatt;99.663;99.663;0
0581C1120_DeSO2025;deso;utsatt;100.0;100.0;0
0581C1130_DeSO2025;deso;utsatt;91.642;91.642;0
0581C1160_DeSO2025;deso;utsatt;99.594;99.594;0
0581C1170_DeSO2025;deso;utsatt;100.0;100.0;0
0581C1220_DeSO2025;deso;utsatt;16.729;16.729;0
0680C1072_DeSO2025;deso;utsatt;96.203;96.203;0
0680C1090_DeSO2025;deso;utsatt;57.214;57.214;0
0680C1100_DeSO2025;deso;utsatt;32.011;32.011;0
0780C1201_DeSO2025;deso;utsatt;0.68;0.68;0
0780C1202_DeSO2025;deso;utsatt;3.388;3.388;0
0780C1210_DeSO2025;deso;utsatt;6.737;6.737;0
0780C1230_DeSO2025;deso;utsatt;99.984;99.984;0
0780C1240_DeSO2025;deso;utsatt;99.992;99.992;0
0780C1250_DeSO2025;deso;utsatt;8.391;8.391;0
0780C1280_DeSO2025;deso;utsatt;87.198;87.198;0
1280C1171_DeSO2025;deso;sarskilt;60.746;0;60.746
1280C1172_DeSO2025;deso;sarskilt;98.335;0;98.335
1280C1180_DeSO2025;deso;sarskilt;11.436;0;11.436
1280C1210_DeSO2025;deso;sarskilt;100.0;0;100.0
1280C1230_DeSO2025;deso;sarskilt;85.034;0;85.034
1280C1240_DeSO2025;deso;sarskilt;100.0;0;100.0
1280C1260_DeSO2025;deso;sarskilt;86.963;0;86.963
1280C1290_DeSO2025;deso;sarskilt;91.592;0;91.592
1280C1310_DeSO2025;deso;utsatt;15.486;15.486;0
1280C1320_DeSO2025;deso;sarskilt;91.148;0;91.148
1280C1330_DeSO2025;deso;sarskilt;8.55;0;8.55
1280C1350_DeSO2025;deso;sarskilt;97.254;0;97.254
1280C1370_DeSO2025;deso;sarskilt;15.423;0;15.423
1280C1380_DeSO2025;deso;sarskilt;96.643;0;96.643
1280C1430_DeSO2025;deso;utsatt;54.461;54.461;0
1280C1460_DeSO2025;deso;sarskilt;99.604;0;99.604
1280C1470_DeSO2025;deso;sarskilt;97.868;0;97.868
1280C1480_DeSO2025;deso;utsatt;92.46;92.46;0
1280C1520_DeSO2025;deso;utsatt;76.942;76.942;0
1280C1530_DeSO2025;deso;sarskilt;97.311;0;97.311
1280C1580_DeSO2025;deso;sarskilt;95.057;0;95.057
1280C1620_DeSO2025;deso;utsatt;50.121;50.121;0
1280C1690_DeSO2025;deso;sarskilt;90.221;0;90.221
1280C1710_DeSO2025;deso;utsatt;99.018;99.018;0
1280C1750_DeSO2025;deso;sarskilt;83.61;0;83.61
1280C1760_DeSO2025;deso;sarskilt;87.35;0;87.35
1280C1800_DeSO2025;deso;utsatt;99.397;99.397;0
1280C1830_DeSO2025;deso;sarskilt;96.999;0;96.999
1280C1880_DeSO2025;deso;sarskilt;64.444;0;64.444
1280C1890_DeSO2025;deso;sarskilt;100.0;0;100.0
1280C1940_DeSO2025;deso;utsatt;34.654;34.654;0
1280C1980_DeSO2025;deso;sarskilt;98.681;0;98.681
1282C1150_DeSO2025;deso;utsatt;98.672;98.672;0
1282C1170_DeSO2025;deso;utsatt;3.796;3.796;0
1282C1200_DeSO2025;deso;utsatt;11.345;11.345;0
1283C1120_DeSO2025;deso;utsatt;4.832;4.832;0
1283C1130_DeSO2025;deso;utsatt;54.263;54.263;0
1283C1201_DeSO2025;deso;utsatt;41.603;41.603;0
1283C1202_DeSO2025;deso;utsatt;99.835;99.835;0
1283C1210_DeSO2025;deso;utsatt;13.216;13.216;0
1283C1230_DeSO2025;deso;utsatt;100.0;100.0;0
1283C1240_DeSO2025;deso;utsatt;99.712;99.712;0
1283C1250_DeSO2025;deso;utsatt;100.0;100.0;0
1283C1260_DeSO2025;deso;utsatt;21.311;21.311;0
1283C1280_DeSO2025;deso;utsatt;100.0;100.0;0
1283C1290_DeSO2025;deso;utsatt;61.836;61.836;0
1283C1310_DeSO2025;deso;utsatt;99.761;99.761;0
1283C1330_DeSO2025;deso;utsatt;14.368;14.368;0
1283C1360_DeSO2025;deso;utsatt;10.635;10.635;0
1283C1470_DeSO2025;deso;utsatt;36.781;36.781;0
1283C1490_DeSO2025;deso;utsatt;13.225;13.225;0
1283C1510_DeSO2025;deso;utsatt;99.703;99.703;0
1283C1540_DeSO2025;deso;utsatt;100.0;100.0;0
1283C1550_DeSO2025;deso;utsatt;59.157;59.157;0
1283C1560_DeSO2025;deso;utsatt;99.994;99.994;0
1283C1570_DeSO2025;deso;utsatt;99.921;99.921;0
1283C1600_DeSO2025;deso;utsatt;8.113;8.113;0
1290C1180_DeSO2025;deso;utsatt;0.82;0.82;0
1290C1190_DeSO2025;deso;utsatt;3.63;3.63;0
1290C1200_DeSO2025;deso;utsatt;58.453;58.453;0
1290C1220_DeSO2025;deso;utsatt;100.0;100.0;0
1290C1230_DeSO2025;deso;utsatt;50.906;50.906;0
1480C1170_DeSO2025;deso;utsatt;16.1;16.1;0
1480C1200_DeSO2025;deso;utsatt;0.969;0.969;0
1480C1210_DeSO2025;deso;utsatt;97.933;97.933;0
1480C1220_DeSO2025;deso;utsatt;18.817;18.817;0
1480C1230_DeSO2025;deso;utsatt;93.022;93.022;0
1480C1240_DeSO2025;deso;utsatt;99.732;99.732;0
1480C1250_DeSO2025;deso;utsatt;98.816;98.816;0
1480C1310_DeSO2025;deso;utsatt;85.693;85.693;0
1480C1380_DeSO2025;deso;utsatt;23.397;23.397;0
1480C2530_DeSO2025;deso;utsatt;4.379;4.379;0
1480C2630_DeSO2025;deso;utsatt;100.0;100.0;0
1480C2660_DeSO2025;deso;utsatt;10.891;10.891;0
1480C2820_DeSO2025;deso;utsatt;100.0;100.0;0
1480C2890_DeSO2025;deso;utsatt;32.161;32.161;0
1480C2900_DeSO2025;deso;utsatt;30.008;30.008;0
1480C2970_DeSO2025;deso;utsatt;12.718;12.718;0
1480C3020_DeSO2025;deso;utsatt;23.055;23.055;0
1480C3050_DeSO2025;deso;utsatt;100.0;100.0;0
1480C3070_DeSO2025;deso;utsatt;100.0;100.0;0
1480C3080_DeSO2025;deso;utsatt;100.0;100.0;0
1480C3120_DeSO2025;deso;utsatt;40.419;40.419;0
1480C3130_DeSO2025;deso;utsatt;100.0;100.0;0
1480C3140_DeSO2025;deso;utsatt;66.238;66.238;0
1480C3160_DeSO2025;deso;utsatt;4.326;4.326;0
1480C3210_DeSO2025;deso;utsatt;10.99;10.99;0
1480C3270_DeSO2025;deso;utsatt;72.223;72.223;0
1480C3290_DeSO2025;deso;utsatt;96.67;96.67;0
1480C3300_DeSO2025;deso;utsatt;16.292;16.292;0
1480C3310_DeSO2025;deso;utsatt;2.322;2.322;0
1480C3350_DeSO2025;deso;utsatt;35.973;35.973;0
1480C3390_DeSO2025;deso;sarskilt;61.034;0;61.034
1480C3400_DeSO2025;deso;sarskilt;40.59;0;40.59
1480C3410_DeSO2025;deso;utsatt;94.644;94.644;0
1480C3430_DeSO2025;deso;sarskilt;1.793;0;1.793
1480C3440_DeSO2025;deso;sarskilt;69.778;0;69.778
1480C3450_DeSO2025;deso;utsatt;35.047;35.047;0
1480C3480_DeSO2025;deso;utsatt;36.041;36.041;0
1480C3500_DeSO2025;deso;sarskilt;100.0;0;100.0
1480C3510_DeSO2025;deso;sarskilt;100.0;0;100.0
1480C3530_DeSO2025;deso;sarskilt;11.346;0;11.346
1480C3561_DeSO2025;deso;sarskilt;99.714;0;99.714
1480C3562_DeSO2025;deso;sarskilt;99.043;0;99.043
1480C3580_DeSO2025;deso;sarskilt;99.915;0;99.915
1480C3600_DeSO2025;deso;sarskilt;31.799;0;31.799
1480C3640_DeSO2025;deso;sarskilt;26.635;0;26.635
1480C3650_DeSO2025;deso;utsatt;5.024;5.024;0
1480C3670_DeSO2025;deso;sarskilt;99.627;0;99.627
1480C3680_DeSO2025;deso;sarskilt;82.281;0;82.281
1480C3690_DeSO2025;deso;sarskilt;100.0;0;100.0
1480C3710_DeSO2025;deso;sarskilt;62.272;0;62.272
1480C3730_DeSO2025;deso;sarskilt;100.0;0;100.0
1480C3750_DeSO2025;deso;sarskilt;41.988;0;41.988
1480C3760_DeSO2025;deso;sarskilt;59.23;0;59.23
1480C3770_DeSO2025;deso;sarskilt;81.589;0;81.589
1480C3790_DeSO2025;deso;sarskilt;2.294;1.946;0.348
1480C3870_DeSO2025;deso;utsatt;96.776;96.776;0
1480C3890_DeSO2025;deso;utsatt;72.715;72.715;0
1480C3900_DeSO2025;deso;utsatt;89.247;89.247;0
1480C3930_DeSO2025;deso;utsatt;56.621;56.621;0
1480C3940_DeSO2025;deso;utsatt;50.81;50.81;0
1480C3950_DeSO2025;deso;sarskilt;100.0;0;100.0
1480C3960_DeSO2025;deso;sarskilt;56.726;0;56.703
1480C3970_DeSO2025;deso;sarskilt;26.317;0;26.317
1480C3990_DeSO2025;deso;sarskilt;94.98;0;94.98
1480C4000_DeSO2025;deso;sarskilt;29.64;0;29.64
1488C1010_DeSO2025;deso;utsatt;1.115;1.115;0
1488C1050_DeSO2025;deso;utsatt;10.169;10.169;0
1488C1060_DeSO2025;deso;utsatt;93.968;93.968;0
1488C1070_DeSO2025;deso;utsatt;100.0;100.0;0
1488C1090_DeSO2025;deso;utsatt;68.225;68.225;0
1488C1100_DeSO2025;deso;utsatt;84.023;84.023;0
1490C1260_DeSO2025;deso;sarskilt;8.034;0;8.034
1490C1290_DeSO2025;deso;sarskilt;74.893;0;74.893
1490C1300_DeSO2025;deso;sarskilt;60.903;0;60.903
1490C1340_DeSO2025;deso;sarskilt;99.0;0;99.0
1490C1350_DeSO2025;deso;sarskilt;51.024;0;51.024
1490C1370_DeSO2025;deso;sarskilt;64.323;0;64.323
1490C1420_DeSO2025;deso;sarskilt;11.362;0;11.362
1880C1340_DeSO2025;deso;utsatt;1.178;1.178;0
1880C1390_DeSO2025;deso;utsatt;87.679;87.679;0
1880C1490_DeSO2025;deso;utsatt;86.758;86.758;0
1880C1530_DeSO2025;deso;utsatt;94.349;94.349;0
1880C1550_DeSO2025;deso;sarskilt;26.354;0;26.354
1880C1560_DeSO2025;deso;sarskilt;12.122;0;12.122
1880C1570_DeSO2025;deso;sarskilt;100.0;0;100.0
1880C1590_DeSO2025;deso;sarskilt;99.93;0;99.93
1880C1600_DeSO2025;deso;sarskilt;99.796;0;99.796
1880C1620_DeSO2025;deso;utsatt;0.643;0.643;0
1880C1630_DeSO2025;deso;sarskilt;99.542;0;99.542
1980C1050_DeSO2025;deso;utsatt;87.042;87.042;0
1980C1070_DeSO2025;deso;utsatt;4.383;4.383;0
1980C1100_DeSO2025;deso;utsatt;98.894;98.894;0
1980C1110_DeSO2025;deso;utsatt;81.275;81.275;0
1980C1180_DeSO2025;deso;utsatt;99.846;99.846;0
1980C1200_DeSO2025;deso;utsatt;4.0;4.0;0
1980C1310_DeSO2025;deso;utsatt;0.209;0.209;0
2081C1120_DeSO2025;deso;utsatt;3.669;3.669;0
2081C1140_DeSO2025;deso;utsatt;60.09;60.09;0
2081C1170_DeSO2025;deso;utsatt;6.185;6.185;0
0123;kommun;utsatt;0.139;0.139;0
0126;kommun;sarskilt;2.895;2.884;0.011
0127;kommun;sarskilt;3.916;0.269;3.647
0136;kommun;utsatt;0.752;0.752;0
0138;kommun;utsatt;0.757;0.757;0
0139;kommun;utsatt;0.173;0.173;0
0163;kommun;utsatt;0.183;0.183;0
0180;kommun;sarskilt;4.406;2.947;1.459
0181;kommun;sarskilt;1.186;0.352;0.834
0182;kommun;utsatt;0.364;0.364;0
0183;kommun;utsatt;8.099;8.099;0
0184;kommun;utsatt;1.317;1.317;0
0191;kommun;utsatt;0.331;0.331;0
0380;kommun;utsatt;0.115;0.115;0
0484;kommun;utsatt;0.102;0.102;0
0580;kommun;sarskilt;0.102;0;0.102
0581;kommun;utsatt;0.148;0.148;0
0680;kommun;utsatt;0.026;0.026;0
0780;kommun;utsatt;0.053;0.053;0
1280;kommun;sarskilt;3.456;0.69;2.766
1282;kommun;utsatt;0.326;0.326;0
1283;kommun;utsatt;1.272;1.272;0
1290;kommun;utsatt;0.093;0.093;0
1480;kommun;sarskilt;3.066;1.638;1.428
1488;kommun;utsatt;0.292;0.292;0
1490;kommun;sarskilt;0.148;0;0.148
1880;kommun;sarskilt;0.156;0.075;0.082
1980;kommun;utsatt;0.269;0.269;0
2081;kommun;utsatt;0.062;0.062;0
0123R016_RegSO2025;regso;utsatt;25.272;25.272;0
0126R001_RegSO2025;regso;utsatt;18.047;18.047;0
0126R002_RegSO2025;regso;utsatt;16.828;16.828;0
0126R007_RegSO2025;regso;utsatt;0.57;0.57;0
0126R014_RegSO2025;regso;utsatt;56.364;56.364;0
0126R015_RegSO2025;regso;utsatt;1.429;1.429;0
0126R020_RegSO2025;regso;utsatt;40.965;40.965;0
0126R021_RegSO2025;regso;utsatt;19.371;19.249;0
0126R022_RegSO2025;regso;sarskilt;53.81;52.786;1.024
0127R001_RegSO2025;regso;sarskilt;99.751;0;99.751
0127R002_RegSO2025;regso;sarskilt;39.738;0;39.738
0127R004_RegSO2025;regso;sarskilt;7.439;0;7.439
0127R005_RegSO2025;regso;sarskilt;69.73;0;69.73
0127R007_RegSO2025;regso;sarskilt;100.0;0;100.0
0127R010_RegSO2025;regso;sarskilt;79.354;0;79.354
0127R012_RegSO2025;regso;sarskilt;17.718;0;17.718
0127R013_RegSO2025;regso;utsatt;11.67;11.67;0
0136R001_RegSO2025;regso;utsatt;99.967;99.967;0
0136R002_RegSO2025;regso;utsatt;14.942;14.942;0
0136R003_RegSO2025;regso;utsatt;16.25;16.25;0
0136R010_RegSO2025;regso;utsatt;100.0;100.0;0
0136R011_RegSO2025;regso;utsatt;15.571;15.571;0
0136R012_RegSO2025;regso;utsatt;41.065;41.065;0
0138R003_RegSO2025;regso;utsatt;82.897;82.897;0
0138R014_RegSO2025;regso;utsatt;2.642;2.642;0
0139R002_RegSO2025;regso;utsatt;62.662;62.662;0
0139R010_RegSO2025;regso;utsatt;0.241;0.241;0
0163R001_RegSO2025;regso;utsatt;29.7;29.7;0
0163R009_RegSO2025;regso;utsatt;2.38;2.38;0
0180R010_RegSO2025;regso;utsatt;55.357;55.357;0
0180R026_RegSO2025;regso;utsatt;0.392;0.392;0
0180R031_RegSO2025;regso;utsatt;58.526;58.526;0
0180R036_RegSO2025;regso;sarskilt;49.655;0;49.655
0180R039_RegSO2025;regso;utsatt;80.848;80.848;0
0180R040_RegSO2025;regso;utsatt;1.441;1.441;0
0180R042_RegSO2025;regso;utsatt;1.75;1.75;0
0180R046_RegSO2025;regso;sarskilt;0.738;0;0.738
0180R063_RegSO2025;regso;utsatt;1.063;1.063;0
0180R076_RegSO2025;regso;sarskilt;76.351;0;76.351
0180R078_RegSO2025;regso;utsatt;82.353;82.353;0
0180R102_RegSO2025;regso;sarskilt;71.801;15.683;56.118
0180R108_RegSO2025;regso;utsatt;24.467;24.467;0
0181R001_RegSO2025;regso;sarskilt;40.365;0;40.365
0181R003_RegSO2025;regso;sarskilt;2.867;0;2.867
0181R006_RegSO2025;regso;utsatt;38.254;38.254;0
0181R007_RegSO2025;regso;sarskilt;71.347;0;71.347
0181R008_RegSO2025;regso;sarskilt;28.154;0;28.154
0181R012_RegSO2025;regso;sarskilt;35.755;0;35.755
0181R016_RegSO2025;regso;sarskilt;8.156;7.542;0.614
0181R021_RegSO2025;regso;sarskilt;80.442;0;80.429
0181R022_RegSO2025;regso;sarskilt;47.698;0;47.698
0181R024_RegSO2025;regso;utsatt;73.867;73.867;0
0181R027_RegSO2025;regso;utsatt;0.189;0.189;0
0181R028_RegSO2025;regso;sarskilt;16.284;0;16.284
0182R004_RegSO2025;regso;utsatt;29.408;29.408;0
0183R004_RegSO2025;regso;utsatt;27.173;27.173;0
0183R005_RegSO2025;regso;utsatt;23.739;23.739;0
0183R007_RegSO2025;regso;utsatt;42.707;42.707;0
0184R010_RegSO2025;regso;utsatt;50.932;50.932;0
0184R016_RegSO2025;regso;utsatt;4.683;4.683;0
0184R018_RegSO2025;regso;utsatt;40.232;40.232;0
0184R021_RegSO2025;regso;utsatt;13.67;13.67;0
0191R005_RegSO2025;regso;utsatt;100.0;100.0;0
0191R018_RegSO2025;regso;utsatt;12.782;12.782;0
0191R020_RegSO2025;regso;utsatt;30.303;30.303;0
0191R021_RegSO2025;regso;utsatt;42.316;42.316;0
0191R023_RegSO2025;regso;utsatt;0.527;0.527;0
0191R024_RegSO2025;regso;utsatt;75.651;75.651;0
0380R003_RegSO2025;regso;utsatt;7.867;7.867;0
0380R006_RegSO2025;regso;utsatt;3.604;3.604;0
0380R016_RegSO2025;regso;utsatt;85.021;85.021;0
0380R017_RegSO2025;regso;utsatt;2.546;2.546;0
0380R028_RegSO2025;regso;utsatt;0.73;0.73;0
0380R030_RegSO2025;regso;utsatt;1.03;1.03;0
0380R033_RegSO2025;regso;utsatt;100.0;100.0;0
0380R047_RegSO2025;regso;utsatt;99.959;99.959;0
0484R005_RegSO2025;regso;utsatt;16.619;16.619;0
0484R017_RegSO2025;regso;utsatt;11.919;11.919;0
0484R018_RegSO2025;regso;utsatt;6.502;6.502;0
0484R028_RegSO2025;regso;utsatt;29.288;29.288;0
0580R018_RegSO2025;regso;sarskilt;15.459;0;15.459
0581R008_RegSO2025;regso;utsatt;7.242;7.242;0
0581R015_RegSO2025;regso;utsatt;9.737;9.737;0
0581R019_RegSO2025;regso;utsatt;98.828;98.828;0
0581R028_RegSO2025;regso;utsatt;0.475;0.475;0
0581R031_RegSO2025;regso;utsatt;59.221;59.221;0
0680R024_RegSO2025;regso;utsatt;14.444;14.444;0
0780R001_RegSO2025;regso;utsatt;95.059;95.059;0
0780R009_RegSO2025;regso;utsatt;7.55;7.55;0
0780R013_RegSO2025;regso;utsatt;0.141;0.141;0
0780R018_RegSO2025;regso;utsatt;0.892;0.892;0
1280R001_RegSO2025;regso;sarskilt;84.82;0;84.82
1280R002_RegSO2025;regso;sarskilt;78.232;0;78.232
1280R019_RegSO2025;regso;sarskilt;11.436;0;11.436
1280R023_RegSO2025;regso;sarskilt;15.423;0;15.423
1280R024_RegSO2025;regso;sarskilt;94.641;0;94.641
1280R026_RegSO2025;regso;sarskilt;42.565;0;42.521
1280R027_RegSO2025;regso;sarskilt;94.984;0;94.984
1280R028_RegSO2025;regso;sarskilt;79.312;0;79.312
1280R030_RegSO2025;regso;utsatt;62.764;62.764;0
1280R031_RegSO2025;regso;utsatt;92.46;92.46;0
1280R032_RegSO2025;regso;utsatt;15.657;15.657;0
1280R040_RegSO2025;regso;utsatt;15.589;15.589;0
1280R045_RegSO2025;regso;sarskilt;100.0;0;100.0
1280R053_RegSO2025;regso;sarskilt;98.296;0;98.296
1280R056_RegSO2025;regso;sarskilt;55.691;0;55.691
1280R066_RegSO2025;regso;utsatt;23.79;23.79;0
1280R070_RegSO2025;regso;sarskilt;2.392;0;2.392
1280R072_RegSO2025;regso;utsatt;99.389;99.389;0
1280R087_RegSO2025;regso;sarskilt;98.681;0;98.681
1280R088_RegSO2025;regso;sarskilt;90.254;0;90.254
1282R009_RegSO2025;regso;utsatt;3.796;3.796;0
1282R012_RegSO2025;regso;utsatt;11.345;11.345;0
1282R013_RegSO2025;regso;utsatt;98.672;98.672;0
1283R004_RegSO2025;regso;utsatt;16.437;16.437;0
1283R005_RegSO2025;regso;utsatt;74.926;74.926;0
1283R006_RegSO2025;regso;utsatt;99.92;99.92;0
1283R008_RegSO2025;regso;utsatt;27.57;27.57;0
1283R009_RegSO2025;regso;utsatt;4.47;4.47;0
1283R017_RegSO2025;regso;utsatt;8.059;8.059;0
1283R018_RegSO2025;regso;utsatt;1.223;1.223;0
1283R019_RegSO2025;regso;utsatt;19.052;19.052;0
1283R026_RegSO2025;regso;utsatt;51.867;51.867;0
1283R029_RegSO2025;regso;utsatt;15.31;15.31;0
1290R005_RegSO2025;regso;utsatt;58.418;58.418;0
1290R009_RegSO2025;regso;utsatt;0.392;0.392;0
1290R012_RegSO2025;regso;utsatt;9.873;9.873;0
1480R001_RegSO2025;regso;utsatt;1.134;1.027;0
1480R005_RegSO2025;regso;utsatt;21.976;21.976;0
1480R006_RegSO2025;regso;utsatt;96.67;96.67;0
1480R009_RegSO2025;regso;sarskilt;78.418;0;78.418
1480R010_RegSO2025;regso;sarskilt;38.997;0;38.997
1480R011_RegSO2025;regso;sarskilt;29.157;0;29.157
1480R012_RegSO2025;regso;sarskilt;60.539;0;60.539
1480R013_RegSO2025;regso;sarskilt;40.59;0;40.59
1480R023_RegSO2025;regso;utsatt;4.127;4.127;0
1480R024_RegSO2025;regso;utsatt;21.118;21.118;0
1480R034_RegSO2025;regso;utsatt;96.812;96.812;0
1480R039_RegSO2025;regso;utsatt;23.397;23.397;0
1480R040_RegSO2025;regso;utsatt;73.838;73.838;0
1480R041_RegSO2025;regso;utsatt;77.991;77.991;0
1480R044_RegSO2025;regso;sarskilt;85.062;0;85.062
1480R045_RegSO2025;regso;sarskilt;50.691;0;50.691
1480R049_RegSO2025;regso;sarskilt;45.123;0;45.123
1480R050_RegSO2025;regso;sarskilt;80.706;0;80.706
1480R061_RegSO2025;regso;utsatt;61.719;61.719;0
1480R064_RegSO2025;regso;utsatt;43.898;43.898;0
1480R069_RegSO2025;regso;sarskilt;0.98;0;0.98
1480R078_RegSO2025;regso;utsatt;2.065;2.065;0
1480R096_RegSO2025;regso;utsatt;24.572;24.572;0
1480R097_RegSO2025;regso;utsatt;66.238;66.238;0
1480R098_RegSO2025;regso;sarskilt;36.606;0;36.596
1480R107_RegSO2025;regso;utsatt;32.139;32.139;0
1480R123_RegSO2025;regso;utsatt;85.693;85.693;0
1480R126_RegSO2025;regso;utsatt;14.769;14.769;0
1480R127_RegSO2025;regso;utsatt;94.644;94.644;0
1480R134_RegSO2025;regso;utsatt;20.213;20.213;0
1480R135_RegSO2025;regso;utsatt;17.341;17.341;0
1480R136_RegSO2025;regso;utsatt;52.704;52.704;0
1480R145_RegSO2025;regso;utsatt;32.728;32.728;0
1488R007_RegSO2025;regso;utsatt;77.861;77.861;0
1488R008_RegSO2025;regso;utsatt;34.729;34.729;0
1488R013_RegSO2025;regso;utsatt;1.107;1.107;0
1490R006_RegSO2025;regso;sarskilt;6.604;0;6.604
1490R019_RegSO2025;regso;sarskilt;68.998;0;68.998
1490R020_RegSO2025;regso;sarskilt;23.345;0;23.345
1490R025_RegSO2025;regso;sarskilt;70.983;0;70.983
1880R018_RegSO2025;regso;sarskilt;0.351;0;0.351
1880R021_RegSO2025;regso;utsatt;0.728;0.728;0
1880R022_RegSO2025;regso;sarskilt;17.292;0;17.169
1880R028_RegSO2025;regso;utsatt;89.352;89.352;0
1880R029_RegSO2025;regso;sarskilt;99.859;0;99.859
1980R007_RegSO2025;regso;utsatt;0.209;0.209;0
1980R038_RegSO2025;regso;utsatt;60.587;60.587;0
1980R040_RegSO2025;regso;utsatt;4.468;4.468;0
1980R042_RegSO2025;regso;utsatt;4.0;4.0;0
1980R046_RegSO2025;regso;utsatt;99.204;99.204;0
2081R004_RegSO2025;regso;utsatt;2.124;2.124;0
2081R013_RegSO2025;regso;utsatt;60.09;60.09;0
2081R017_RegSO2025;regso;utsatt;6.162;6.162;0
