skolenhetskod;year;trygghet;studiero;respondents;response_rate
10023937;2026;8.6;6.3;60;1
10035236;2026;8.9;6.6;118;0.77100000000000002
10063280;2026;7.3;6.3;48;0.92300000000000004
10132939;2025;7.6;5.7;54;0.88500000000000001
10155751;2025;7.7;5.9;86;0.88700000000000001
10170655;2026;7.9;5.1;92;0.82899999999999996
10175276;2025;8.0;5.9;75;0.81499999999999995
10185533;2026;8.3;6.0;81;0.86199999999999999
10230535;2025;8.3;4.3;20;0.76900000000000002
10245367;2026;8.2;5.8;75;0.872
10257640;2025;7.0;4.3;93;0.81599999999999995
10360193;2026;8.8;4.8;12;0.92300000000000004
10405686;2026;7.8;5.6;129;0.80100000000000005
10419361;2026;8.1;5.4;52;0.8
10421130;2025;7.6;6.1;38;0.88400000000000001
10428442;2025;8.2;6.0;145;0.72899999999999998
10435966;2026;7.5;7.2;78;0.79600000000000004
10443922;2026;7.5;5.8;35;0.79500000000000004
10453232;2025;7.2;4.5;32;0.71099999999999997
10592650;2025;8.1;6.2;41;0.872
10609045;2025;8.0;5.8;75;0.78900000000000003
10617819;2026;8.0;5.6;76;0.623
10657244;2025;8.4;5.2;34;0.75600000000000001
10661388;2026;8.5;6.5;9;0.69199999999999995
10662754;2026;7.3;4.3;83;0.78300000000000003
10715898;2025;8.6;6.4;21;0.77800000000000002
10757780;2026;8.7;5.2;22;0.88
10822811;2025;8.0;5.4;140;0.85899999999999999
10902849;2025;8.6;6.7;30;0.96799999999999997
10954341;2025;8.6;6.1;81;0.84399999999999997
10979668;2026;8.3;5.1;15;0.78900000000000003
10982633;2026;8.1;5.3;61;0.84699999999999998
11018018;2026;8.2;5.4;39;0.75
11043800;2025;8.4;5.8;88;0.84599999999999997
11159060;2025;7.3;5.6;71;0.64
11181258;2026;7.9;5.2;14;0.93300000000000005
11193969;2025;7.9;5.3;49;0.60499999999999998
11295861;2026;7.8;6.0;33;0.78600000000000003
11340770;2025;7.9;5.2;83;0.76100000000000001
11364996;2026;8.3;5.5;44;0.81499999999999995
11366318;2025;7.8;5.5;29;0.90600000000000003
11406792;2026;7.0;4.9;108;0.80600000000000005
11442396;2026;7.7;6.2;16;0.84199999999999997
11465652;2026;8.4;6.0;29;0.80600000000000005
11476454;2026;7.9;6.0;16;0.72699999999999998
11496096;2025;7.5;5.5;51;0.79700000000000004
11546127;2026;7.2;5.4;32;0.61499999999999999
11588924;2025;8.9;5.8;23;0.69699999999999995
11662899;2026;7.7;4.7;59;0.81899999999999995
11664326;2026;7.8;4.9;44;0.56399999999999995
11777750;2026;8.0;5.7;104;0.79400000000000004
11782417;2025;8.3;5.6;64;0.84199999999999997
11814097;2026;8.6;6.4;59;0.72
11885832;2026;7.9;7.1;46;0.76700000000000002
11909268;2025;8.3;5.2;21;0.91300000000000003
11914814;2026;7.4;4.4;108;0.72499999999999998
11954492;2025;8.4;5.1;55;0.77500000000000002
12053461;2026;7.9;6.1;85;0.76600000000000001
12079022;2025;7.8;6.1;72;0.8
12092203;2025;7.7;7.0;12;0.75
12247315;2026;7.8;4.9;125;0.83299999999999996
12248380;2025;8.1;5.4;100;0.76300000000000001
12259212;2025;8.1;5.5;79;0.78200000000000003
12275851;2025;8.2;5.9;48;0.81399999999999995
12286029;2026;8.3;5.7;134;0.753
12289594;2026;8.0;5.6;40;0.83299999999999996
12332278;2025;7.2;4.8;168;0.84
12443258;2025;7.0;6.4;36;0.83699999999999997
12636945;2025;8.3;5.6;48;0.85699999999999998
12717350;2026;8.1;5.3;57;0.80300000000000005
12753670;2026;7.4;5.3;37;0.755
12753961;2025;8.4;6.7;76;0.76800000000000002
12757193;2025;6.9;4.9;38;0.76
12759583;2025;7.9;6.0;95;0.79200000000000004
12853184;2026;8.3;5.4;52;0.67500000000000004
13123046;2025;8.1;5.8;15;0.88200000000000001
13124830;2026;7.5;5.7;74;0.871
13175575;2026;8.4;5.0;64;0.77100000000000002
13184976;2025;6.9;4.8;98;0.71499999999999997
13299659;2025;8.6;5.1;27;0.84399999999999997
13301127;2026;8.2;6.3;121;0.81200000000000006
13342436;2025;8.4;5.4;6;0.85699999999999998
13384795;2025;7.9;5.5;145;0.90600000000000003
13390547;2025;8.8;6.3;30;0.96799999999999997
13490988;2026;7.8;5.8;49;0.83099999999999996
13493243;2026;8.4;7.0;165;0.89700000000000002
13578112;2025;8.1;6.0;115;0.68
13579948;2025;7.5;5.7;114;0.77
13582062;2026;8.4;5.1;63;0.80800000000000005
13654969;2026;8.5;6.4;46;0.83599999999999997
13666864;2025;7.9;5.3;73;0.624
13679897;2026;8.2;6.3;98;0.88300000000000001
13746989;2025;7.9;6.0;6;1
13756290;2025;8.1;5.4;122;0.80300000000000005
13802549;2025;8.4;4.9;80;0.83299999999999996
13854755;2026;8.3;6.5;59;0.79700000000000004
13936858;2026;7.9;6.9;49;0.84499999999999997
13954336;2025;6.0;7.3;8;0.61499999999999999
14037390;2026;8.5;6.0;76;0.91600000000000004
14040970;2026;8.2;6.4;97;0.74
14121892;2026;7.8;5.8;36;0.9
14254350;2025;8.9;6.2;20;0.76900000000000002
14261356;2025;7.7;5.0;88;0.76500000000000001
14290135;2026;8.3;6.3;73;0.79300000000000004
14327803;2025;8.4;6.0;158;0.79400000000000004
14472068;2026;8.0;4.6;19;0.67900000000000005
14555807;2025;8.3;5.4;38;0.76
14808086;2025;8.2;5.8;120;0.59699999999999998
14872951;2026;9.3;7.8;6;0.75
14896115;2025;8.2;5.0;14;0.73699999999999999
15068529;2025;7.3;5.9;34;0.69399999999999995
15080815;2025;7.6;5.7;74;0.84099999999999997
15081255;2026;8.1;6.7;20;0.74099999999999999
15086959;2025;6.7;5.6;5;1
15171331;2026;7.8;6.2;69;0.89600000000000002
15218794;2026;8.0;5.2;63;0.76800000000000002
15312030;2026;8.1;6.9;11;0.61099999999999999
15331669;2026;7.7;5.8;73;0.88
15339442;2025;8.3;6.5;55;0.98199999999999998
15401823;2025;7.6;4.9;49;0.62
15416514;2026;7.2;5.2;59;0.79700000000000004
15483394;2026;8.2;5.7;87;0.77
15547680;2025;7.5;6.0;27;0.9
15579589;2026;7.1;4.4;20;0.28999999999999998
15594566;2026;8.6;6.5;178;0.92200000000000004
15610637;2025;7.9;6.1;135;0.81799999999999995
15700323;2025;8.1;6.8;17;0.81
15716434;2025;7.8;5.1;44;0.8
15720147;2025;8.1;4.6;48;0.873
15766661;2025;7.4;5.1;83;0.69699999999999995
15889456;2026;8.2;6.1;39;0.69599999999999995
15973939;2025;7.6;6.4;37;0.84099999999999997
16013826;2026;7.5;5.7;95;0.82599999999999996
16057411;2025;8.4;5.7;77;0.70599999999999996
16061350;2025;9.2;7.6;13;1
16068461;2026;8.4;7.4;24;0.85699999999999998
16081769;2026;7.8;5.8;64;0.94099999999999995
16148785;2026;8.3;6.4;74;0.77100000000000002
16183719;2025;8.4;5.7;24;0.96
16249641;2025;8.3;6.0;73;0.97299999999999998
16348406;2026;8.2;6.5;59;0.76600000000000001
16394249;2026;7.4;6.9;8;1
16426165;2025;7.7;5.9;118;0.90800000000000003
16464648;2026;8.7;5.9;32;0.94099999999999995
16490220;2025;7.6;5.5;81;0.73
16517618;2025;8.4;4.0;5;1
16547623;2025;8.0;5.0;77;0.755
16603772;2025;8.2;5.8;59;0.89400000000000002
16650439;2026;7.3;5.5;42;0.875
16656370;2025;7.5;5.3;59;0.92200000000000004
16688128;2025;7.1;4.8;83;0.755
16727370;2025;8.7;6.5;94;0.879
16767324;2025;7.3;5.0;60;0.68200000000000005
16858929;2026;8.0;5.9;64;0.8
16891307;2026;7.4;5.4;61;0.79200000000000004
16928929;2026;8.8;9.2;6;1
16954837;2026;8.3;6.0;98;0.74199999999999999
16969143;2026;7.6;4.9;63;0.76800000000000002
16983719;2026;7.9;5.7;80;0.8
17024808;2026;8.6;7.3;18;0.9
17033155;2026;7.7;5.7;67;0.74399999999999999
17089857;2026;8.2;5.7;62;0.80500000000000005
17106266;2026;7.5;5.3;40;0.81599999999999995
17176734;2026;8.2;5.5;107;0.74299999999999999
17181067;2025;7.3;5.8;28;0.96599999999999997
17208837;2025;7.4;4.9;47;0.97899999999999998
17233525;2025;8.9;7.3;18;0.94699999999999995
17240817;2026;7.2;4.2;29;0.55800000000000005
17250578;2025;8.4;6.2;60;0.85699999999999998
17287315;2025;7.3;5.4;106;0.85499999999999998
17291574;2026;7.3;4.4;75;0.91500000000000004
17315625;2025;7.3;4.8;71;0.755
17417951;2026;7.8;5.6;25;0.73499999999999999
17514337;2026;8.5;4.9;20;0.8
17517182;2025;8.6;6.6;76;0.97399999999999998
17640364;2026;8.2;6.0;152;0.83099999999999996
17911537;2026;8.2;5.5;84;0.41399999999999998
17957898;2025;8.1;5.9;97;0.90700000000000003
18002855;2025;7.4;5.7;44;0.89800000000000002
18053776;2026;7.9;6.4;21;0.875
18058977;2025;7.2;4.6;58;0.82899999999999996
18116804;2026;8.0;6.3;79;0.70499999999999996
18195751;2026;7.5;5.8;68;0.77300000000000002
18275028;2025;7.6;5.0;61;0.79200000000000004
18315553;2025;7.5;5.5;66;0.85699999999999998
18339846;2026;8.6;5.9;56;0.64400000000000002
18476537;2025;7.5;5.7;73;0.72299999999999998
18595907;2025;7.9;5.9;91;0.81299999999999994
18636287;2025;8.4;6.3;39;0.83
18715425;2026;7.8;6.1;64;0.73599999999999999
18790096;2025;8.6;6.3;163;0.88100000000000001
18915192;2025;8.1;5.5;20;0.8
18969406;2026;9.5;8.6;11;0.91700000000000004
18991431;2025;7.9;6.6;27;0.93100000000000005
19024032;2025;7.3;5.9;22;0.95699999999999996
19118399;2025;7.7;5.1;115;0.80400000000000005
19353396;2026;7.8;5.6;45;0.81799999999999995
19504051;2026;7.7;5.6;70;0.90900000000000003
19570704;2025;8.3;6.1;52;0.61199999999999999
19593407;2026;9.5;7.3;8;0.5
19657993;2026;7.5;4.7;83;0.72799999999999998
19694910;2025;8.0;5.7;54;0.78300000000000003
19742982;2025;9.1;7.9;9;0.69199999999999995
19804936;2026;8.0;4.8;165;0.80900000000000005
19873115;2026;8.5;6.6;93;0.89400000000000002
20002379;2026;8.4;6.6;22;0.81499999999999995
20104143;2026;7.8;6.1;61;0.80300000000000005
20137688;2025;7.8;6.5;80;0.90900000000000003
20191380;2025;7.7;5.3;143;0.84099999999999997
20197159;2026;7.4;4.0;14;0.7
20248329;2026;8.7;6.4;50;0.80600000000000005
20253736;2025;8.0;6.4;55;0.873
20361674;2026;8.5;5.9;41;0.85399999999999998
20372097;2026;7.4;5.1;26;0.89700000000000002
20525218;2025;7.4;6.0;17;0.81
20545871;2025;7.3;5.1;64;0.86499999999999999
20683111;2026;7.7;5.9;72;0.65500000000000003
20696736;2025;8.0;6.0;242;0.82
20877276;2026;7.9;6.9;34;0.97099999999999997
20930818;2026;6.9;3.5;17;0.77300000000000002
21002578;2025;8.2;6.2;27;0.871
21085818;2025;7.5;5.3;30;0.47599999999999998
21086074;2025;7.9;6.0;98;0.80300000000000005
21120076;2025;8.1;5.9;90;0.79600000000000004
21157015;2025;8.5;5.5;38;0.79200000000000004
21176313;2026;7.9;6.3;41;0.73199999999999998
21231498;2026;9.0;6.0;36;0.72
21250086;2026;8.6;5.9;50;0.94299999999999995
21342606;2026;8.0;5.5;8;1
21423670;2025;7.8;5.1;72;0.80900000000000005
21497343;2025;8.1;6.1;109;0.90800000000000003
21550555;2026;7.7;6.0;61;0.79200000000000004
21568934;2025;8.0;6.0;105;0.92100000000000004
21608206;2026;8.7;5.9;44;1
21617136;2025;7.4;6.0;100;0.87
21724208;2026;8.1;5.6;69;0.92
21736926;2026;8.7;6.5;83;0.89200000000000002
21871265;2025;8.0;6.2;85;0.90400000000000003
21917957;2026;8.8;6.2;27;1
21969379;2025;7.9;6.4;78;0.83
22019000;2026;8.1;5.8;92;0.86
22049068;2025;9.1;6.8;40;0.81599999999999995
22049573;2025;8.0;6.6;117;0.80700000000000005
22091017;2025;7.9;5.4;76;0.80900000000000005
22127801;2025;7.3;5.0;94;1
22316816;2025;7.0;5.8;13;0.72199999999999998
22335099;2026;8.1;6.3;98;0.81
22347371;2026;7.9;5.8;46;0.754
22385992;2026;7.4;5.4;71;0.83499999999999996
22462490;2026;7.7;5.0;30;0.85699999999999998
22474777;2026;8.6;6.1;140;0.83299999999999996
22509001;2025;7.9;4.9;103;0.91200000000000003
22512947;2025;6.6;4.7;77;0.66400000000000003
22513261;2026;8.2;5.4;62;0.69699999999999995
22807677;2026;7.3;6.2;63;0.9
22811420;2026;6.7;6.0;54;0.73
22847273;2026;7.9;5.4;75;0.74299999999999999
22909101;2025;8.2;5.6;9;0.9
22957852;2025;8.6;6.1;18;0.9
23066257;2026;7.4;5.8;96;0.81399999999999995
23108037;2025;8.7;6.0;69;0.94499999999999995
23192281;2026;7.9;5.3;53;0.80300000000000005
23250615;2025;7.7;5.4;15;0.68200000000000005
23312767;2025;7.9;6.1;42;0.97699999999999998
23345056;2025;7.2;4.9;156;0.89700000000000002
23414344;2026;8.6;6.6;16;0.8
23470743;2025;8.2;5.9;6;1
23521056;2025;8.7;6.3;46;0.86799999999999999
23617768;2026;8.0;6.2;65;0.85499999999999998
23786565;2025;7.6;5.6;149;0.82299999999999995
23908629;2025;7.8;6.2;100;0.8
23992844;2025;8.4;6.1;37;0.86
24103764;2026;7.8;6.2;44;0.78600000000000003
24142153;2026;8.1;6.0;150;0.85199999999999998
24146389;2026;8.2;6.6;48;0.82799999999999996
24147931;2026;8.4;5.2;8;0.57099999999999995
24172067;2026;8.4;6.6;25;0.96199999999999997
24181728;2026;8.5;6.9;35;0.745
24306424;2026;7.8;5.7;20;0.76900000000000002
24339301;2025;7.5;6.1;20;0.8
24352906;2026;7.4;5.8;55;0.70499999999999996
24374886;2025;8.3;4.8;23;0.92
24379201;2026;7.9;6.2;104;0.88100000000000001
24396451;2026;7.7;5.7;19;0.90500000000000003
24402537;2025;6.4;4.1;50;0.78100000000000003
24429776;2026;7.6;6.1;32;0.88900000000000001
24445412;2026;8.2;5.9;24;0.92300000000000004
24561124;2026;8.2;6.0;77;0.83699999999999997
24561769;2026;7.5;5.7;86;0.73499999999999999
24625357;2025;7.7;5.4;45;0.75
24671487;2025;7.7;5.6;12;1
24716970;2026;7.1;5.0;98;0.79
24748604;2025;7.9;5.3;50;0.80600000000000005
24937512;2026;7.5;5.3;13;1
24947938;2026;8.6;5.1;34;0.97099999999999997
24982244;2025;6.9;5.9;54;0.70099999999999996
25036714;2025;7.6;5.7;41;0.71899999999999997
25278170;2025;8.6;7.2;93;0.96899999999999997
25309669;2025;7.9;5.6;48;0.8
25486432;2025;8.5;5.6;59;0.61499999999999999
25636648;2026;7.6;6.2;116;0.85299999999999998
25749057;2025;7.4;5.3;38;0.79200000000000004
25762448;2026;7.5;6.0;6;1
25790317;2026;7.6;5.8;33;0.89200000000000002
25852980;2026;8.4;5.6;22;0.84599999999999997
25894254;2026;7.9;6.5;44;0.91700000000000004
25918983;2025;8.6;6.5;31;0.63300000000000001
26140079;2025;7.9;5.2;115;0.80400000000000005
26255239;2025;6.5;4.0;23;0.82099999999999995
26262429;2025;8.5;6.4;6;1
26281697;2026;7.7;5.2;57;0.81399999999999995
26290434;2025;8.5;5.1;65;0.82299999999999995
26387738;2025;7.9;5.4;60;0.83299999999999996
26480342;2026;8.0;4.8;7;1
26531220;2026;7.6;6.3;57;0.68700000000000006
26579492;2025;6.9;5.0;49;0.86
26599013;2025;7.3;5.5;8;0.5
26645758;2025;7.7;5.9;80;0.82499999999999996
26831439;2025;8.2;6.4;160;0.85099999999999998
26895664;2026;7.8;5.3;39;0.90700000000000003
27153243;2026;8.1;5.6;135;0.754
27259736;2025;8.2;5.5;47;0.87
27265374;2025;7.2;5.3;66;0.85699999999999998
27274628;2026;7.7;5.8;64;0.86499999999999999
27323097;2025;8.1;5.6;47;0.81
27418903;2025;7.9;5.5;136;0.76
27459423;2025;8.3;5.1;104;0.8
27489448;2026;7.7;6.1;65;0.86699999999999999
27489659;2025;8.1;5.9;98;0.84499999999999997
27506076;2026;8.1;5.5;58;0.67400000000000004
27508103;2025;7.7;6.1;67;0.63200000000000001
27526205;2026;8.3;4.9;48;0.78700000000000003
27595656;2025;7.8;6.1;24;0.77400000000000002
27675952;2026;8.4;6.8;54;0.72
27928506;2026;8.2;8.3;18;0.75
28006480;2025;7.8;6.1;51;0.85
28023150;2026;7.7;5.6;41;0.85399999999999998
28059616;2026;7.8;6.8;69;0.88500000000000001
28060171;2026;7.7;4.9;21;0.72399999999999998
28067210;2026;8.6;5.7;78;0.83899999999999997
28080863;2025;7.9;5.1;74;0.72499999999999998
28138418;2026;8.1;5.8;16;0.59299999999999997
28145722;2025;8.4;6.7;17;0.94399999999999995
28156767;2025;8.1;5.4;50;0.46700000000000003
28230949;2026;7.2;5.0;154;0.84599999999999997
28306495;2026;8.8;5.3;17;0.68
28424574;2026;6.3;4.2;38;0.73099999999999998
28454424;2025;7.8;5.9;45;0.95699999999999996
28459364;2026;9.3;6.5;21;0.84
28484259;2026;8.0;5.2;64;0.71099999999999997
28504550;2025;8.2;6.2;14;0.73699999999999999
28515244;2026;8.6;7.8;40;0.66700000000000004
28562125;2025;7.5;5.3;30;0.90900000000000003
28599917;2026;8.4;5.6;113;0.753
28729598;2025;7.6;4.9;70;0.93300000000000005
28753548;2025;7.6;5.3;16;0.94099999999999995
28754789;2026;8.3;5.3;44;0.88
28784410;2026;8.4;6.2;135;0.89400000000000002
28803215;2025;8.0;6.0;94;0.94
28804882;2026;8.7;7.0;27;0.9
28836025;2025;8.3;6.7;68;0.82899999999999996
28849109;2025;7.7;5.3;106;0.73099999999999998
28901056;2026;7.4;5.7;11;0.40699999999999997
28958120;2026;7.3;5.4;68;0.84
29069124;2025;8.3;5.7;64;0.85299999999999998
29158808;2026;8.1;5.7;32;0.61499999999999999
29270748;2026;9.1;8.5;10;0.76900000000000002
29278599;2025;7.3;5.5;61;0.82399999999999995
29289355;2025;8.2;5.5;58;0.879
29299366;2026;7.0;6.2;12;0.35299999999999998
29300350;2025;7.1;5.6;109;0.67300000000000004
29371242;2026;9.1;7.6;57;0.95
29410344;2026;7.9;5.7;41;0.85399999999999998
29497099;2025;8.0;4.6;71;0.80700000000000005
29524966;2025;7.9;5.1;21;1
29541747;2025;7.8;5.7;78;0.72899999999999998
29574820;2026;8.3;6.4;71;0.83499999999999996
29677535;2025;8.3;5.7;134;0.88200000000000001
29689372;2026;8.4;6.3;60;0.74099999999999999
29725531;2026;8.2;6.8;42;0.875
29744401;2026;8.7;5.4;39;0.73599999999999999
29751275;2026;8.0;6.4;83;0.80600000000000005
29794705;2026;8.3;7.5;6;0.54500000000000004
29796042;2026;8.3;5.6;6;0.54500000000000004
29991096;2025;7.0;5.4;88;0.752
30181143;2025;7.4;4.6;33;0.73299999999999998
30255409;2026;7.8;7.6;64;1
30313010;2025;6.7;4.8;50;0.83299999999999996
30452569;2026;9.1;7.0;5;0.83299999999999996
30454178;2025;7.4;5.9;104;0.79400000000000004
30499176;2026;7.3;5.3;40;0.755
30576881;2025;7.6;5.4;101;0.878
30622727;2025;7.7;5.4;123;0.80900000000000005
30684096;2026;7.6;5.3;56;0.76700000000000002
30731471;2026;8.4;4.9;41;0.83699999999999997
30917018;2026;7.3;5.6;14;1
30917121;2025;8.0;4.8;45;0.91800000000000004
31015204;2025;7.9;5.5;89;0.63100000000000001
31018677;2026;8.1;6.3;43;0.76800000000000002
31127129;2026;8.6;4.8;27;0.57399999999999995
31281674;2025;7.6;4.9;79;0.76
31319179;2026;8.1;6.0;109;0.83799999999999997
31381375;2025;7.6;5.3;45;0.69199999999999995
31528772;2026;7.4;5.6;22;1
31658010;2026;7.7;5.8;91;0.75800000000000001
31733366;2026;7.4;6.0;35;0.89700000000000002
31851256;2026;7.7;6.4;126;0.875
31872640;2026;8.4;5.4;25;0.83299999999999996
31928894;2026;7.6;4.2;36;0.76600000000000001
31975018;2026;7.6;4.7;104;0.77
31980822;2025;7.9;6.4;88;0.96699999999999997
31996111;2025;9.4;6.5;14;0.77800000000000002
32017880;2025;8.4;5.6;56;0.83599999999999997
32231541;2026;7.9;6.2;75;0.84299999999999997
32309720;2025;8.1;7.9;40;0.78400000000000003
32492959;2026;8.6;6.1;47;0.85499999999999998
32721673;2025;8.1;5.8;55;0.85899999999999999
32737588;2025;9.2;6.8;7;0.875
32758035;2026;8.1;5.7;31;0.67400000000000004
32866578;2026;8.7;4.6;12;0.8
32965692;2025;7.1;5.3;87;0.87
32970785;2026;7.6;5.0;60;0.63200000000000001
33369644;2025;8.8;5.9;37;0.92500000000000004
33439128;2025;7.7;4.7;79;0.83199999999999996
33468088;2026;8.6;6.1;11;1
33530590;2025;4.7;4.6;17;0.63
33732345;2026;8.1;6.1;35;0.79500000000000004
33759766;2025;8.1;6.1;111;0.77100000000000002
33877675;2026;7.8;5.3;36;0.92300000000000004
33951941;2025;7.5;5.0;92;0.73
34125463;2025;8.4;5.8;8;0.8
34127854;2025;7.1;5.6;38;0.71699999999999997
34135484;2025;8.5;6.4;21;0.91300000000000003
34148887;2026;8.3;6.1;52;0.89700000000000002
34231336;2025;7.9;6.5;57;0.82599999999999996
34246393;2025;7.6;5.9;69;0.81200000000000006
34255565;2025;7.3;5.8;41;0.77400000000000002
34314029;2025;8.0;6.6;47;0.87
34401115;2025;7.9;5.9;53;0.66300000000000003
34540901;2026;8.1;6.1;19;0.79200000000000004
34557677;2026;8.1;5.6;45;0.86499999999999999
34671510;2026;6.8;4.6;18;0.75
34699165;2026;8.1;5.4;103;0.873
34767418;2026;7.2;5.8;69;0.75
34900938;2025;7.6;5.4;120;0.82199999999999995
34909954;2025;8.2;5.6;36;0.85699999999999998
35008423;2025;8.0;6.4;62;0.92500000000000004
35110948;2025;7.6;5.3;173;0.90100000000000002
35129114;2025;7.9;4.7;100;0.86199999999999999
35136963;2025;7.9;6.5;94;0.89500000000000002
35139330;2025;8.2;5.5;81;0.83499999999999996
35159342;2025;8.1;5.4;17;0.81
35494110;2025;7.8;5.1;125;0.71799999999999997
35547286;2026;8.5;6.3;53;0.77900000000000003
35561766;2025;8.1;6.5;57;0.89100000000000001
35609364;2025;7.4;5.0;50;0.877
35670754;2026;7.0;5.6;39;0.57399999999999995
35784391;2026;8.2;7.9;6;0.85699999999999998
35822371;2025;7.6;4.0;62;0.72899999999999998
35890890;2026;7.9;5.9;75;0.78100000000000003
36020717;2026;7.8;6.0;28;0.8
36031993;2026;7.8;5.0;69;0.82099999999999995
36066067;2025;7.9;5.7;24;0.92300000000000004
36130879;2026;7.9;5.6;57;0.74
36262199;2026;8.3;5.7;26;0.86699999999999999
36276828;2026;7.6;5.6;90;0.80400000000000005
36281817;2026;8.4;6.3;41;0.71899999999999997
36350546;2025;9.2;7.2;76;1
36374693;2026;7.9;4.6;67;0.82699999999999996
36409468;2025;6.4;4.4;18;0.85699999999999998
36425969;2025;6.7;5.7;25;0.80600000000000005
36651204;2025;8.3;4.9;18;0.81799999999999995
36724390;2026;7.7;5.5;104;0.76500000000000001
36759013;2025;8.5;5.6;121;0.94499999999999995
36819574;2025;7.8;5.8;53;0.71599999999999997
37112288;2026;7.5;4.9;86;0.80400000000000005
37140962;2026;7.8;5.5;18;0.78300000000000003
37147254;2025;7.4;5.8;66;0.77600000000000002
37299127;2026;7.6;5.4;71;0.83499999999999996
37310404;2025;8.4;5.3;48;0.73799999999999999
37324136;2025;8.0;5.1;89;0.80200000000000005
37328635;2026;8.3;5.1;18;0.85699999999999998
37416253;2026;8.4;6.3;46;0.67600000000000005
37556682;2026;7.9;5.0;56;0.90300000000000002
37648787;2026;8.5;6.9;10;0.83299999999999996
37707717;2025;8.4;5.8;96;0.84199999999999997
37716305;2026;8.0;5.7;80;0.81599999999999995
37772170;2025;8.6;6.2;47;0.746
37796564;2026;8.3;5.1;39;0.76500000000000001
37887150;2026;8.0;7.2;15;0.75
37915996;2025;8.2;5.7;61;0.871
37995642;2025;7.5;5.5;86;0.76100000000000001
38052846;2026;8.1;5.4;78;0.70299999999999996
38096510;2026;7.2;6.2;12;0.8
38198417;2025;7.3;5.2;94;0.86199999999999999
38215460;2025;7.7;5.6;43;0.69399999999999995
38278821;2026;8.7;6.3;49;0.90700000000000003
38295531;2025;8.6;6.2;40;0.71399999999999997
38299211;2026;8.1;6.6;73;0.76800000000000002
38353942;2026;8.7;6.4;22;0.95699999999999996
38368827;2026;8.1;6.6;23;0.95799999999999996
38375490;2026;7.7;5.1;76;0.89400000000000002
38394561;2026;8.6;5.9;49;0.96099999999999997
38449858;2025;7.2;4.6;30;0.85699999999999998
38539206;2026;8.3;6.4;43;0.878
38553494;2026;8.0;5.9;162;0.85699999999999998
38653015;2026;8.1;4.4;43;0.93500000000000005
38661388;2025;8.3;6.2;76;0.85399999999999998
38758770;2026;7.4;6.0;91;0.81299999999999994
38786603;2026;7.7;5.5;36;0.45600000000000002
38786895;2025;8.3;6.5;17;0.81
38854084;2025;7.9;5.2;69;0.82099999999999995
38897013;2026;8.0;5.8;15;0.83299999999999996
38935587;2025;8.3;6.4;128;0.84199999999999997
38936292;2025;7.0;4.4;43;0.86
38944084;2026;8.6;7.1;73;0.88
38975788;2026;6.7;4.7;51;0.72899999999999998
39000072;2026;8.3;7.1;43;0.81100000000000005
39117429;2025;7.6;4.3;20;0.95199999999999996
39124119;2025;8.7;5.8;19;0.79200000000000004
39160736;2025;7.8;5.0;31;0.79500000000000004
39171821;2026;8.1;7.0;51;0.85
39229061;2026;8.3;6.3;102;0.81599999999999995
39307298;2025;7.4;4.8;95;0.84799999999999998
39345593;2025;7.5;5.5;76;0.88400000000000001
39351914;2026;8.5;5.5;18;0.78300000000000003
39396701;2026;7.6;5.4;35;0.71399999999999997
39517088;2025;7.3;5.0;137;0.72899999999999998
39690579;2025;7.4;4.8;55;0.78600000000000003
39701961;2026;8.7;6.1;69;0.74199999999999999
39894929;2025;7.3;5.9;67;0.89300000000000002
39907811;2025;8.4;5.8;47;0.79700000000000004
39915890;2025;8.8;5.7;36;0.92300000000000004
39922552;2026;7.6;6.6;10;0.625
39992436;2025;7.1;5.9;41;0.75900000000000001
40025257;2025;7.3;4.0;57;0.80300000000000005
40035084;2025;7.6;5.7;132;0.78100000000000003
40175889;2026;7.9;5.9;60;1
40248457;2025;7.3;5.9;25;1
40275917;2025;7.4;5.5;127;0.85199999999999998
40385157;2026;7.6;5.6;92;0.82899999999999996
40393888;2025;7.8;5.8;101;0.77700000000000002
40467992;2026;7.0;4.7;13;0.81299999999999994
40470449;2025;7.8;5.1;41;0.89100000000000001
40517936;2025;8.1;5.8;118;0.71499999999999997
40526633;2026;9.1;6.0;11;0.64700000000000002
40546319;2025;8.2;5.5;129;0.872
40576389;2026;8.0;6.1;101;0.78900000000000003
40577779;2025;7.8;5.6;88;0.83799999999999997
40631085;2025;8.3;6.8;54;0.77100000000000002
40648796;2025;8.0;5.9;118;0.81899999999999995
40684137;2025;7.2;5.3;108;0.83099999999999996
40708452;2025;8.4;5.7;60;0.84499999999999997
40731205;2026;8.2;5.9;37;0.82199999999999995
40847752;2025;7.9;5.5;139;0.77200000000000002
40898556;2026;7.2;6.9;27;0.84399999999999997
40944032;2026;7.7;5.4;131;0.78400000000000003
40982738;2025;8.0;6.7;40;0.78400000000000003
40991541;2026;7.9;5.4;83;0.85599999999999998
41081474;2025;7.9;5.5;25;0.75800000000000001
41176931;2026;8.2;6.6;70;0.875
41181908;2026;8.1;6.2;32;0.71099999999999997
41197162;2026;7.6;6.1;52;0.74299999999999999
41213404;2026;7.9;5.9;119;0.93
41254600;2025;8.7;7.0;82;0.80400000000000005
41584790;2025;8.2;5.6;27;0.93100000000000005
41605059;2025;7.5;5.7;65;0.75600000000000001
41607808;2026;8.4;6.9;11;1
41621337;2026;7.6;5.3;51;0.79700000000000004
41641029;2025;8.0;4.5;64;0.79
41729877;2026;7.8;5.3;137;0.89500000000000002
41793797;2025;8.1;5.6;27;0.9
41811292;2026;7.8;5.5;147;0.82099999999999995
41865593;2026;7.4;5.0;77;0.84599999999999997
41921747;2025;8.0;5.7;178;0.97799999999999998
42149666;2026;8.1;5.8;43;0.79600000000000004
42162288;2025;8.0;6.0;57;0.80300000000000005
42164778;2026;7.9;6.1;84;0.71199999999999997
42247223;2025;8.8;6.0;33;0.73299999999999998
42296356;2026;8.2;6.0;38;0.80900000000000005
42328518;2026;7.9;6.1;81;0.84399999999999997
42422737;2026;7.4;6.8;22;1
42434583;2026;8.6;6.2;57;0.93400000000000005
42454305;2026;7.7;5.8;84;0.73699999999999999
42518434;2026;7.7;5.6;34;0.81
42568760;2025;7.6;6.0;44;0.89800000000000002
42601396;2026;8.3;6.3;71;0.86599999999999999
42641767;2025;8.8;6.5;35;0.66
42752416;2025;7.9;5.1;36;0.78300000000000003
42754004;2025;8.2;6.7;109;0.82
42817980;2026;8.7;7.4;21;0.77800000000000002
42908219;2025;7.4;6.7;17;0.73899999999999999
42908622;2026;7.0;5.5;38;0.73099999999999998
42986451;2025;7.7;6.0;190;0.93100000000000005
43055932;2026;8.6;6.9;60;0.61199999999999999
43088454;2026;8.4;6.0;66;0.81499999999999995
43172419;2026;8.1;5.7;62;0.91200000000000003
43238662;2025;8.6;5.8;38;0.65500000000000003
43269172;2026;8.4;6.2;41;0.95299999999999996
43351950;2026;8.3;6.2;43;0.74099999999999999
43362307;2026;7.4;5.3;47;0.57999999999999996
43375546;2026;7.4;5.3;15;0.83299999999999996
43403496;2026;6.9;5.3;61;0.70899999999999996
43539193;2026;8.0;6.3;52;0.754
43545297;2026;8.3;5.4;75;0.78100000000000003
43632318;2026;8.5;7.2;40;0.93
43643711;2025;7.9;5.6;86;0.78200000000000003
43697331;2025;8.2;6.5;18;0.72
43802065;2026;7.6;3.5;6;0.66700000000000004
43833784;2026;7.3;5.4;24;0.85699999999999998
43859477;2025;7.8;6.3;92;0.876
43869172;2025;7.7;5.1;92;0.8
43871264;2026;8.1;6.2;104;0.79400000000000004
43933186;2025;8.0;6.4;96;0.81399999999999995
43959135;2025;7.8;5.7;110;0.91700000000000004
44046131;2026;8.2;6.2;72;0.78300000000000003
44175786;2026;8.3;7.0;61;0.81299999999999994
44227469;2026;8.1;5.8;87;0.77700000000000002
44243725;2026;8.0;5.8;98;0.89100000000000001
44263951;2026;7.5;5.6;102;0.81
44284183;2026;8.0;7.4;106;0.82799999999999996
44373961;2026;7.8;5.7;24;0.92300000000000004
44459183;2025;7.7;6.1;147;0.72799999999999998
44524062;2025;7.3;5.8;31;0.88600000000000001
44605298;2026;7.9;6.2;51;0.70799999999999996
44650086;2025;7.3;5.5;92;0.81399999999999995
44673074;2026;8.1;6.1;84;0.79200000000000004
44785862;2026;7.8;5.8;105;0.75
44979671;2025;7.6;4.7;33;0.76700000000000002
45031033;2025;7.3;5.9;77;0.86499999999999999
45045293;2026;8.1;5.5;32;0.71099999999999997
45104329;2025;8.2;7.1;83;0.72199999999999998
45270097;2026;7.9;6.1;95;0.85599999999999998
45436515;2026;8.3;6.6;116;0.96699999999999997
45500152;2026;7.7;5.7;65;0.69899999999999995
45535775;2026;7.8;5.7;121;0.89
45553352;2026;8.0;6.4;61;1
45558673;2026;8.0;6.0;88;0.83
45737019;2025;6.8;2.8;5;0.83299999999999996
45769922;2026;7.3;4.8;20;0.8
45776214;2025;6.3;4.0;17;0.77300000000000002
45882318;2025;7.9;5.5;63;0.76800000000000002
45984740;2026;8.4;6.9;35;0.443
45986032;2026;7.9;5.5;83;0.77600000000000002
46013569;2025;7.0;5.1;24;0.70599999999999996
46042136;2025;6.9;4.5;94;0.879
46097781;2025;8.2;7.2;50;0.877
46107605;2025;7.3;5.4;111;0.73499999999999999
46165232;2026;8.4;6.2;104;0.80600000000000005
46165416;2026;8.1;5.6;154;0.85599999999999998
46191968;2026;8.3;6.7;97;0.78900000000000003
46206050;2025;6.7;4.6;43;0.84299999999999997
46211392;2025;7.9;5.5;49;0.92500000000000004
46252858;2025;7.4;5.2;7;0.7
46309621;2026;7.2;6.1;101;0.73199999999999998
46323920;2026;8.1;6.0;66;0.88
46391611;2026;8.2;5.1;71;0.88800000000000001
46399291;2025;8.0;6.0;38;0.86399999999999999
46512685;2026;8.5;5.6;22;0.91700000000000004
46581319;2026;8.2;5.3;51;0.79700000000000004
46660811;2026;7.0;4.9;62;0.77500000000000002
46706680;2025;7.3;5.0;61;0.83599999999999997
46721838;2025;8.0;6.1;42;0.79200000000000004
46725455;2026;7.8;5.2;21;0.95499999999999996
46796995;2025;7.2;5.4;100;0.75800000000000001
46898596;2025;7.8;5.8;140;0.92100000000000004
46945514;2026;9.0;6.4;32;0.76200000000000001
46987524;2026;8.1;5.9;7;1
46997269;2026;7.9;5.2;76;0.82599999999999996
47003034;2026;7.2;3.6;17;0.85
47043218;2026;8.3;6.2;41;0.73199999999999998
47120557;2026;8.3;5.8;30;0.78900000000000003
47236914;2026;8.4;6.5;106;0.86199999999999999
47243834;2026;8.0;6.3;231;0.80200000000000005
47462120;2025;8.0;6.0;33;0.84599999999999997
47480841;2025;7.6;4.8;77;0.79400000000000004
47579620;2025;7.7;5.6;59;0.79700000000000004
47640376;2026;8.5;6.3;25;0.67600000000000005
47684564;2025;7.6;5.4;141;0.80100000000000005
47736072;2026;7.7;5.3;118;0.874
47927698;2026;7.4;5.1;18;0.85699999999999998
47986219;2026;8.0;4.5;41;0.80400000000000005
48016437;2025;8.0;5.7;82;0.82
48108874;2026;8.5;7.5;22;0.68799999999999994
48134074;2025;8.2;6.0;67;0.73599999999999999
48184058;2025;8.6;8.8;8;0.61499999999999999
48228294;2026;7.2;5.1;42;0.89400000000000002
48240990;2025;7.4;4.7;34;0.91900000000000004
48328583;2026;7.9;6.2;77;0.88500000000000001
48373752;2025;8.2;5.5;55;0.85899999999999999
48457931;2026;8.0;5.3;72;0.78300000000000003
48514283;2025;7.7;7.1;17;0.65400000000000003
48529699;2025;7.6;5.3;119;0.76800000000000002
48694604;2025;10.0;9.0;6;0.85699999999999998
48724676;2025;8.3;5.8;135;0.81299999999999994
48760074;2025;7.5;4.9;39;0.97499999999999998
48791751;2026;9.0;7.1;9;0.9
48798589;2025;7.1;5.6;114;0.97399999999999998
48874671;2025;8.5;6.3;63;0.77800000000000002
48983548;2025;7.9;5.8;53;0.81499999999999995
49021135;2026;7.6;5.1;100;0.84699999999999998
49036576;2026;8.7;6.0;24;0.8
49197086;2026;7.7;6.0;41;0.80400000000000005
49233138;2026;8.2;6.3;54;0.78300000000000003
49323438;2026;8.3;5.8;12;0.66700000000000004
49419497;2026;8.6;7.1;30;0.57699999999999996
49455969;2025;8.0;5.5;38;0.84399999999999997
49474076;2026;8.1;6.0;134;0.72399999999999998
49525819;2026;7.6;6.2;23;0.39700000000000002
49572930;2025;8.2;7.6;14;0.875
49631077;2025;8.2;6.3;68;0.81899999999999995
49648821;2025;7.9;5.5;93;0.92100000000000004
49665496;2026;7.6;4.9;52;0.81299999999999994
49674763;2026;7.0;5.0;35;0.72899999999999998
49730992;2025;7.7;6.0;67;0.88200000000000001
49748045;2026;8.5;3.8;8;0.8
49779956;2026;8.0;5.8;57;0.83799999999999997
49786332;2025;7.9;5.6;78;0.78800000000000003
49933363;2026;7.4;5.2;59;0.84299999999999997
49975985;2025;8.1;5.8;70;0.52200000000000002
50029898;2026;8.6;5.5;28;0.93300000000000005
50048111;2026;8.7;7.1;76;0.86399999999999999
50060022;2026;8.4;6.7;33;0.94299999999999995
50095535;2025;6.9;5.1;36;0.81799999999999995
50126333;2026;8.2;5.9;42;0.68899999999999995
50150550;2025;8.0;4.9;96;0.91400000000000003
50172802;2025;7.4;4.7;70;0.86399999999999999
50190330;2025;7.5;5.2;122;0.91
50194424;2026;9.4;6.6;9;0.75
50675351;2025;7.3;5.3;54;0.88500000000000001
50698424;2025;7.5;4.9;51;0.78500000000000003
50756758;2025;7.8;5.3;56;0.81200000000000006
50770926;2025;3.7;3.1;9;0.64300000000000002
50783450;2026;8.4;6.4;71;0.77200000000000002
50826766;2026;8.2;5.7;60;0.83299999999999996
50848996;2025;7.7;5.5;53;0.80300000000000005
50999973;2026;7.8;5.8;62;0.75600000000000001
51014228;2026;8.2;4.8;54;0.871
51044218;2026;7.5;5.3;92;0.82899999999999996
51079534;2026;7.9;6.5;36;0.78300000000000003
51175885;2025;8.3;5.2;33;0.89200000000000002
51210001;2026;7.4;5.2;48;0.94099999999999995
51220608;2025;7.7;6.4;10;0.76900000000000002
51305351;2025;8.5;7.0;110;0.85299999999999998
51341279;2026;8.0;5.0;57;0.85099999999999998
51387807;2026;8.1;5.1;115;0.95
51392146;2025;7.3;4.8;40;0.67800000000000005
51403955;2026;8.0;6.2;66;0.81499999999999995
51494126;2025;7.6;5.7;147;0.81699999999999995
51565567;2026;7.7;5.9;42;0.89400000000000002
51596946;2026;7.8;5.9;104;0.81899999999999995
51597705;2026;8.8;5.6;15;0.32600000000000001
51610240;2026;7.8;5.1;88;0.752
51786225;2026;7.9;7.2;25;1
51848797;2026;8.0;6.4;49;0.41499999999999998
51867275;2026;7.8;7.4;13;0.65
51877656;2026;8.1;6.1;68;0.81
51900988;2025;8.4;6.3;60;0.77900000000000003
52025747;2025;8.3;5.8;17;0.73899999999999999
52037312;2025;7.6;4.7;88;0.75900000000000001
52152242;2025;8.3;6.3;138;0.83599999999999997
52217632;2025;7.9;6.0;126;0.6
52229866;2025;6.4;5.7;32;0.64
52287808;2026;9.0;5.6;11;1
52293921;2025;8.1;6.2;48;0.88900000000000001
52426554;2026;8.2;6.5;36;0.56299999999999994
52464734;2026;8.8;6.3;15;1
52538248;2025;7.8;6.1;126;0.83399999999999996
52561988;2025;6.6;5.1;18;0.94699999999999995
52665905;2026;7.7;5.3;23;1
52734580;2026;7.7;6.7;35;0.83299999999999996
52846430;2025;7.5;5.7;79;0.95199999999999996
52863414;2026;7.9;5.7;181;0.86599999999999999
52875693;2025;7.8;5.7;88;0.71499999999999997
52885189;2026;9.1;6.2;35;0.92100000000000004
52925821;2026;7.9;6.8;90;0.93799999999999994
52965560;2025;7.8;6.2;17;0.81
53075005;2026;8.1;5.9;66;0.86799999999999999
53147557;2026;8.4;7.1;7;1
53155267;2025;7.4;5.1;98;0.83099999999999996
53191534;2025;7.0;5.2;54;0.83099999999999996
53259263;2025;8.8;7.2;9;0.40899999999999997
53326735;2026;8.2;5.8;51;0.91100000000000003
53426548;2025;8.7;5.3;57;0.877
53442807;2025;8.0;6.3;83;0.79
53515359;2026;8.6;6.1;36;0.75
53536862;2026;8.0;6.3;57;0.877
53603984;2026;7.8;5.4;119;0.82099999999999995
53620708;2025;6.5;6.0;42;0.66700000000000004
53655678;2025;8.1;6.9;86;0.81899999999999995
53662534;2025;7.4;5.4;41;0.77400000000000002
53764779;2026;7.8;4.9;80;0.76900000000000002
53803818;2025;7.5;6.1;95;0.79800000000000004
53847396;2025;7.8;6.1;90;0.64700000000000002
53952728;2025;7.8;5.5;131;0.89100000000000001
53993567;2025;7.7;5.8;78;0.90700000000000003
54067262;2026;7.6;5.2;38;0.69099999999999995
54332921;2025;7.0;5.8;6;0.66700000000000004
54348763;2026;7.4;4.2;63;0.86299999999999999
54367867;2026;8.1;6.2;78;0.85699999999999998
54391347;2025;8.1;6.4;119;0.748
54436997;2025;8.1;6.3;93;0.78800000000000003
54516737;2026;8.2;5.9;167;0.81100000000000005
54605092;2025;7.9;5.4;95;0.77900000000000003
54719506;2026;7.5;5.9;26;1
54725950;2025;7.3;5.0;52;0.72199999999999998
54742485;2025;8.5;6.4;104;0.86699999999999999
54765026;2026;7.1;4.8;23;0.56100000000000005
54802332;2025;7.8;6.3;155;0.95099999999999996
54806839;2026;7.0;7.2;13;0.86699999999999999
54847211;2026;8.5;6.3;48;0.94099999999999995
54881559;2025;7.7;5.2;71;0.88800000000000001
54952732;2025;7.9;6.3;63;0.7
54990077;2026;8.2;6.3;152;0.82599999999999996
55040455;2025;8.4;5.8;27;0.96399999999999997
55124975;2026;8.5;5.7;68;0.86099999999999999
55200547;2026;7.3;4.9;20;0.8
55217022;2026;8.9;8.3;6;0.85699999999999998
55252119;2026;7.5;5.3;38;0.70399999999999996
55304171;2025;7.7;5.2;101;0.86299999999999999
55343483;2026;8.1;6.1;85;0.83299999999999996
55373417;2026;8.0;6.9;26;0.83899999999999997
55508705;2025;6.8;4.6;20;0.83299999999999996
55520065;2025;7.0;5.1;15;0.71399999999999997
55569663;2026;8.1;5.9;85;0.85
55597667;2025;7.7;5.8;30;0.73199999999999998
55662841;2025;8.4;5.2;7;1
55674136;2026;7.7;5.5;17;0.70799999999999996
55709634;2026;8.0;5.3;87;0.81299999999999994
55731587;2025;7.1;4.9;47;0.746
55740795;2026;8.1;6.4;78;0.88600000000000001
55815397;2025;8.8;6.0;17;0.89500000000000002
55958613;2026;7.4;5.3;187;0.77300000000000002
56130729;2025;8.5;7.4;71;0.83499999999999996
56168083;2026;7.6;5.3;43;0.93500000000000005
56192472;2026;8.0;5.4;104;0.88900000000000001
56285442;2025;7.7;5.6;75;0.78900000000000003
56328727;2026;7.9;5.6;65;0.85499999999999998
56331671;2026;7.5;4.6;52;0.83899999999999997
56361478;2025;7.3;4.8;110;0.78600000000000003
56363473;2025;8.1;5.3;127;0.71799999999999997
56398338;2026;7.5;5.4;19;0.65500000000000003
56417100;2025;8.1;4.8;41;0.73199999999999998
56442130;2026;8.5;5.8;61;0.77200000000000002
56446888;2025;8.7;6.3;93;0.65
56521117;2026;7.4;4.7;64;0.78
56528690;2025;7.8;6.3;55;0.64700000000000002
56568612;2026;8.4;5.9;55;1
56636046;2026;7.4;5.3;64;1
56666435;2025;8.5;5.4;54;1
56710032;2025;8.3;5.8;48;0.70599999999999996
56759222;2025;7.0;5.5;48;0.85699999999999998
56810099;2025;8.2;7.3;5;0.38500000000000001
56818726;2026;9.1;5.7;33;0.91700000000000004
56858061;2026;7.8;5.8;23;0.85199999999999998
56867001;2025;7.5;5.5;50;0.76900000000000002
56867397;2025;7.3;6.1;44;0.91700000000000004
56884611;2026;7.6;6.6;60;0.78900000000000003
57034070;2026;8.5;7.4;15;0.78900000000000003
57184925;2026;8.6;6.0;61;0.73499999999999999
57206066;2026;7.3;5.4;30;0.93799999999999994
57228484;2025;8.2;5.0;54;1
57243353;2025;7.9;6.5;12;0.66700000000000004
57317316;2026;9.1;7.5;38;0.79200000000000004
57329777;2026;7.7;5.6;49;0.81699999999999995
57333669;2026;7.7;4.3;28;0.66700000000000004
57386343;2025;7.0;6.1;24;1
57412559;2026;8.2;5.7;78;0.83899999999999997
57444890;2026;8.2;6.5;22;0.81499999999999995
57457346;2025;8.3;7.1;72;0.91100000000000003
57467562;2026;7.6;5.8;43;0.76800000000000002
57470446;2026;7.9;6.6;41;0.872
57484572;2025;8.0;6.4;42;0.77800000000000002
57510246;2026;8.2;6.5;27;0.79400000000000004
57529996;2025;6.8;4.8;7;0.58299999999999996
57534630;2025;7.9;6.3;72;0.82799999999999996
57538739;2025;7.3;4.7;18;0.75
57548666;2026;7.4;6.3;35;0.97199999999999998
57578095;2026;8.6;6.7;104;0.89700000000000002
57590681;2025;7.9;5.9;46;0.88500000000000001
57712538;2026;8.2;7.0;5;0.71399999999999997
57722644;2025;7.2;6.5;21;0.84
57966953;2025;8.6;6.1;42;0.79200000000000004
58102266;2025;8.2;5.2;26;0.92900000000000005
58185455;2026;7.4;4.7;50;0.78100000000000003
58288551;2025;6.9;5.0;9;0.64300000000000002
58294404;2026;8.1;6.2;169;0.71899999999999997
58310322;2025;7.7;5.0;74;0.85099999999999998
58354320;2025;8.6;7.0;94;0.96899999999999997
58385274;2026;7.1;4.6;50;0.86199999999999999
58395955;2026;7.7;5.3;52;0.88100000000000001
58419840;2025;8.0;5.8;32;0.8
58622330;2025;7.6;5.9;74;0.86
58654483;2025;8.2;5.9;107;0.77500000000000002
58680588;2025;8.3;5.8;29;0.76300000000000001
58712142;2025;7.7;5.8;69;0.81200000000000006
58747846;2026;7.6;5.4;76;0.88400000000000001
58793676;2025;8.0;5.5;5;1
58922041;2025;6.5;5.7;43;0.86
58980145;2025;7.2;4.9;91;0.78400000000000003
58981647;2026;7.7;5.1;26;0.96299999999999997
58994715;2026;8.6;6.3;20;0.625
59001324;2026;7.7;4.9;29;0.69
59021648;2025;7.0;4.1;13;0.86699999999999999
59092675;2026;7.5;5.8;45;0.88200000000000001
59150456;2026;7.5;4.4;36;0.46200000000000002
59249600;2026;7.9;6.1;134;0.89900000000000002
59327275;2026;8.1;5.1;198;0.79800000000000004
59457803;2025;6.5;6.2;13;0.56499999999999995
59468219;2026;8.1;5.6;52;0.91200000000000003
59497255;2026;8.5;6.6;143;0.877
59526276;2025;8.0;5.3;134;0.77900000000000003
59758107;2025;7.0;4.6;37;0.755
59782586;2025;8.0;6.2;44;0.71
59871341;2026;7.3;4.7;67;0.76100000000000001
59900714;2025;5.7;4.6;31;0.63300000000000001
59944028;2025;7.8;5.5;105;0.81399999999999995
59958745;2026;7.1;4.6;17;0.73899999999999999
59975651;2026;8.4;5.6;42;0.91300000000000003
59983229;2025;8.4;5.6;88;0.89800000000000002
60111640;2025;7.9;4.4;79;0.71199999999999997
60217642;2026;7.4;6.7;18;0.81799999999999995
60279184;2026;7.8;5.9;53;0.94599999999999995
60308449;2026;8.3;6.6;11;0.84599999999999997
60372258;2025;7.6;5.4;107;0.81699999999999995
60492534;2025;7.4;4.4;18;0.81799999999999995
60521412;2026;7.0;4.0;6;0.85699999999999998
60526603;2026;7.8;5.6;14;0.58299999999999996
60557814;2025;8.2;6.1;112;0.76700000000000002
60570294;2026;8.7;5.3;59;0.95199999999999996
60633912;2025;7.5;5.0;60;0.84499999999999997
60641880;2025;7.0;5.5;74;0.747
60700608;2026;8.2;6.7;30;0.76900000000000002
60782519;2025;8.5;6.8;96;0.82799999999999996
60904587;2025;7.8;5.4;130;0.92200000000000004
60956248;2025;7.3;4.7;57;0.626
61002601;2025;7.8;6.5;78;0.81299999999999994
61003071;2025;8.6;5.7;26;0.92900000000000005
61056172;2025;7.6;5.1;42;0.7
61128264;2025;7.7;6.0;53;0.93
61410067;2025;7.7;5.8;109;0.76200000000000001
61454000;2025;8.5;6.9;55;0.98199999999999998
61483058;2025;8.3;5.1;17;0.37
61582926;2025;7.1;5.2;23;0.85199999999999998
61662490;2026;8.0;6.6;22;0.91700000000000004
61686233;2026;8.5;6.4;139;0.82199999999999995
61826221;2026;7.5;4.1;46;0.74199999999999999
61834375;2026;7.9;5.6;128;0.79500000000000004
61994062;2026;8.4;7.1;95;0.76
62072720;2026;8.0;6.2;56;0.77800000000000002
62222568;2026;8.4;5.7;76;0.71699999999999997
62270371;2025;7.4;5.6;35;0.875
62288230;2026;7.9;4.5;37;0.94899999999999995
62301442;2025;7.2;6.2;39;0.84799999999999998
62419611;2026;7.8;5.4;44;0.78600000000000003
62533129;2026;7.7;6.3;48;0.82799999999999996
62569730;2025;8.6;6.1;44;0.67700000000000005
62694008;2025;8.5;5.8;78;0.78800000000000003
62698200;2025;7.2;4.0;7;1
62764006;2026;7.5;7.2;56;0.90300000000000002
62812509;2026;8.4;4.3;98;0.78400000000000003
62862066;2025;6.9;5.6;88;0.81499999999999995
62868982;2026;8.1;5.6;14;0.73699999999999999
62958817;2026;8.5;5.3;26;0.81299999999999994
62995298;2026;7.6;4.7;120;0.67
63287550;2026;7.5;5.7;22;0.95699999999999996
63315515;2025;8.3;5.3;52;0.64200000000000002
63321041;2026;6.5;6.3;13;0.81299999999999994
63323984;2026;7.9;4.7;26;0.70299999999999996
63399058;2026;8.4;5.7;95;0.72499999999999998
63423770;2025;6.9;5.6;53;0.91400000000000003
63503591;2025;7.4;5.2;112;0.76700000000000002
63592981;2025;8.0;5.5;55;0.85899999999999999
63621283;2026;7.5;5.0;145;0.751
63742407;2025;7.4;5.6;66;0.85699999999999998
63754384;2026;7.8;6.8;25;0.53200000000000003
63826797;2025;7.4;5.4;121;0.94499999999999995
63846783;2025;8.2;6.1;12;0.5
63849173;2025;7.7;5.1;24;0.77400000000000002
63951601;2025;7.9;6.5;76;0.84399999999999997
63954028;2025;7.0;6.1;67;0.64400000000000002
63957271;2026;7.4;2.9;16;0.53300000000000003
64029211;2026;7.2;5.1;20;0.90900000000000003
64065082;2026;7.7;5.7;23;0.63900000000000001
64402572;2025;8.1;5.8;147;0.86
64413812;2026;8.2;5.4;106;0.67900000000000005
64490264;2025;8.2;6.4;22;0.84599999999999997
64558930;2025;7.3;4.3;85;0.81699999999999995
64559847;2026;7.9;5.5;82;0.76600000000000001
64620570;2025;7.1;5.9;42;0.38900000000000001
64720166;2025;7.9;6.7;13;0.61899999999999999
64728140;2026;8.7;4.9;22;0.75900000000000001
64736967;2025;8.6;6.3;58;0.76300000000000001
64745639;2026;8.5;5.9;11;0.73299999999999998
64778601;2025;8.0;6.5;15;0.93799999999999994
64800741;2025;7.8;5.7;119;0.74399999999999999
64936034;2025;7.7;5.3;30;0.90900000000000003
64949601;2026;8.8;6.3;37;0.92500000000000004
64987026;2026;7.9;5.3;48;0.92300000000000004
64994637;2025;7.9;4.8;33;0.82499999999999996
65024773;2025;7.5;4.9;91;0.76500000000000001
65025285;2025;8.1;5.1;21;0.184
65125762;2026;8.4;6.2;19;0.95
65153737;2026;7.4;6.4;29;0.85299999999999998
65161034;2026;7.6;5.7;22;0.81499999999999995
65212509;2026;7.9;6.7;55;0.83299999999999996
65408331;2026;9.2;7.3;11;0.91700000000000004
65417636;2025;7.4;4.5;19;0.79200000000000004
65483259;2026;7.3;6.1;65;0.82299999999999995
65487720;2026;7.5;5.7;104;0.81899999999999995
65487837;2026;7.7;6.6;20;0.76900000000000002
65494903;2026;7.7;6.1;21;0.91300000000000003
65507647;2025;6.7;4.4;42;0.875
65534600;2025;9.2;6.0;7;0.875
65569784;2025;7.3;5.7;91;0.752
65582914;2026;8.6;6.7;95;0.85599999999999998
65651613;2026;7.8;6.3;46;0.69699999999999995
65654358;2026;7.8;5.5;84;0.76400000000000001
65677988;2025;7.8;5.6;21;0.95499999999999996
65688769;2026;8.1;5.6;88;0.81499999999999995
65717061;2026;7.9;5.0;150;0.75800000000000001
65719471;2026;8.4;5.6;42;0.77800000000000002
65736810;2025;7.8;5.5;87;0.71299999999999997
65807685;2025;6.5;6.7;5;1
65831760;2025;7.8;5.1;60;0.72299999999999998
65836771;2025;7.5;5.0;63;0.80800000000000005
65839656;2025;7.9;7.0;68;0.89500000000000002
65857121;2026;7.5;6.3;185;0.877
65892623;2025;7.5;5.1;63;0.91300000000000003
65951625;2026;8.7;5.3;10;0.90900000000000003
66142210;2025;7.8;5.4;35;0.79500000000000004
66184918;2025;6.6;4.8;63;0.9
66350640;2026;8.0;5.0;99;0.81799999999999995
66351593;2026;8.6;5.7;37;0.77100000000000002
66382532;2025;6.6;5.1;26;0.72199999999999998
66394964;2025;7.7;4.8;32;1
66414430;2026;8.3;4.4;63;0.57299999999999995
66475520;2025;7.6;6.1;41;0.71899999999999997
66634449;2025;8.3;5.5;47;0.85499999999999998
66656783;2025;8.0;5.2;85;0.76600000000000001
66890810;2026;7.2;5.8;38;0.95
67020135;2025;8.3;6.3;100;0.84
67130748;2025;7.3;6.2;70;0.85399999999999998
67183147;2026;8.2;5.1;99;0.75
67224193;2025;7.8;5.2;72;0.85699999999999998
67272295;2025;8.0;5.7;21;0.91300000000000003
67454907;2025;8.4;6.2;133;0.80600000000000005
67509465;2026;8.2;6.0;18;0.78300000000000003
67542970;2026;8.0;4.9;24;0.4
67543412;2025;8.2;5.1;43;0.86
67578984;2025;7.1;5.3;47;0.69099999999999995
67662754;2025;5.7;5.6;18;0.69199999999999995
67662996;2026;8.5;5.9;101;0.92700000000000005
67721487;2026;7.8;5.1;25;0.48099999999999998
67723630;2025;7.0;5.5;106;0.86899999999999999
67731691;2025;8.7;6.0;10;0.47599999999999998
67742754;2025;7.9;4.9;39;0.97499999999999998
67788311;2025;7.5;3.9;26;0.70299999999999996
67809657;2025;7.9;5.3;61;0.82399999999999995
67822057;2025;8.4;6.7;152;0.874
67874853;2026;8.1;5.5;78;0.876
67887385;2025;8.0;5.0;54;0.77100000000000002
67931687;2025;8.1;5.0;67;0.83799999999999997
67995611;2026;7.8;5.8;82;0.81200000000000006
68188627;2026;8.3;6.9;15;1
68201054;2025;8.2;6.3;45;0.88200000000000001
68326694;2026;8.4;5.8;87;0.82899999999999996
68358072;2026;9.0;6.8;20;1
68361133;2026;7.2;4.8;37;0.38900000000000001
68403656;2026;7.7;5.4;10;0.83299999999999996
68467205;2025;7.2;5.2;55;0.93200000000000005
68533503;2026;7.7;5.6;76;0.81699999999999995
68602166;2026;7.9;5.5;94;0.80300000000000005
68613823;2025;7.5;5.0;57;0.86399999999999999
68653982;2025;8.1;6.3;68;0.95799999999999996
68663553;2025;7.2;5.4;86;0.754
68702432;2026;7.2;4.6;35;0.58299999999999996
68814096;2026;7.0;4.8;14;0.53800000000000003
68884445;2026;9.2;6.0;5;0.83299999999999996
68950088;2025;8.3;5.7;15;0.71399999999999997
69004747;2026;7.5;4.9;61;0.81299999999999994
69088221;2026;8.3;5.8;104;0.90400000000000003
69175138;2025;7.8;6.5;6;0.85699999999999998
69182531;2025;8.1;4.2;8;0.8
69195602;2025;7.1;4.2;53;0.81499999999999995
69241995;2026;7.9;6.2;42;0.66700000000000004
69266159;2026;8.5;6.5;34;0.68
69329486;2025;7.8;6.2;133;0.91700000000000004
69352527;2026;7.9;5.0;39;0.73599999999999999
69405762;2025;6.1;5.6;17;0.81
69454219;2025;7.5;5.7;31;0.73799999999999999
69564434;2025;8.1;5.9;79;0.89800000000000002
69600902;2025;8.0;5.1;53;0.79100000000000004
69664897;2025;7.6;5.5;139;0.82699999999999996
69699568;2026;8.2;5.7;41;0.93200000000000005
69723336;2025;8.1;6.7;110;0.88
69895255;2026;8.2;6.2;75;0.81499999999999995
70044059;2025;8.9;6.0;28;1
70072964;2025;6.7;4.7;17;0.77300000000000002
70156609;2026;7.8;4.6;59;0.69399999999999995
70201551;2025;7.7;5.8;56;0.875
70398560;2026;7.9;6.1;86;0.76800000000000002
70460569;2025;7.2;5.6;50;0.80600000000000005
70510891;2025;7.1;5.7;51;0.68899999999999995
70592143;2026;7.3;5.3;58;0.73399999999999999
70789823;2025;6.8;4.1;16;0.94099999999999995
70803452;2025;8.6;5.4;39;0.79600000000000004
70811599;2025;8.1;6.4;114;0.81399999999999995
70954223;2026;7.6;4.9;52;0.54200000000000004
71069736;2025;8.0;5.2;25;1
71078874;2025;7.7;5.3;91;0.83499999999999996
71204165;2026;8.5;5.9;77;0.73299999999999998
71240644;2026;8.2;5.6;41;0.61199999999999999
71367825;2026;8.4;5.7;42;0.76400000000000001
71387206;2025;8.0;5.6;25;1
71396086;2026;7.3;4.9;46;0.71899999999999997
71449540;2025;7.7;6.1;94;0.91300000000000003
71454628;2025;8.0;6.0;116;0.66700000000000004
71509701;2025;8.1;5.9;136;0.81
71677992;2026;8.2;5.6;50;0.84699999999999998
71724902;2025;7.4;4.6;97;0.78900000000000003
71729095;2025;7.3;5.1;61;0.85899999999999999
71762216;2026;7.3;5.8;94;0.71799999999999997
71893438;2025;8.0;6.3;83;0.84699999999999998
71951060;2025;6.7;5.6;84;0.80800000000000005
72066259;2025;8.0;5.9;135;0.754
72090315;2025;7.5;5.7;54;0.80600000000000005
72248694;2026;8.8;6.8;115;0.95799999999999996
72266104;2026;8.4;6.2;62;0.86099999999999999
72295739;2026;8.3;6.1;43;0.61399999999999999
72295998;2025;9.4;6.5;21;0.95499999999999996
72318069;2025;7.6;5.7;52;0.78800000000000003
72378947;2025;7.6;5.9;46;0.85199999999999998
72471883;2026;8.7;5.7;20;0.74099999999999999
72491525;2025;7.7;4.8;33;0.91700000000000004
72509254;2025;8.0;7.2;21;0.875
72526185;2026;7.8;5.6;34;0.65400000000000003
72624886;2025;6.9;4.6;107;0.68600000000000005
72625090;2025;8.2;7.0;51;0.92700000000000005
72627865;2026;8.1;6.7;75;0.78900000000000003
72668294;2026;8.4;6.0;131;0.94899999999999995
72672270;2026;7.5;5.0;87;0.94599999999999995
72802066;2025;9.3;6.7;8;1
72904597;2025;7.8;5.3;31;0.81599999999999995
72942852;2026;7.4;5.6;75;0.63
73077490;2025;7.5;5.0;32;0.86499999999999999
73093445;2025;8.3;6.8;121;0.85199999999999998
73184968;2026;7.9;6.1;33;0.64700000000000002
73206377;2026;7.6;5.3;25;0.625
73269899;2025;7.2;5.4;74;0.78700000000000003
73272488;2025;8.1;6.0;42;0.79200000000000004
73281949;2025;6.4;5.0;19;0.70399999999999996
73451967;2026;7.4;5.9;77;0.82799999999999996
73462793;2026;7.3;6.2;52;0.78800000000000003
73505986;2026;7.8;5.6;91;0.79100000000000004
73575145;2026;6.0;4.9;14;0.93300000000000005
73581523;2025;6.4;3.8;47;0.77
73629371;2025;7.2;4.4;48;0.82799999999999996
73806643;2025;8.0;5.7;84;0.89400000000000002
73893187;2026;7.6;6.4;44;0.93600000000000005
73926940;2026;8.4;4.7;29;0.80600000000000005
73947432;2025;7.9;6.2;117;0.88
73995321;2026;8.8;7.2;26;0.89700000000000002
74064638;2026;8.0;6.1;86;0.82699999999999996
74070812;2025;7.6;5.3;25;0.58099999999999996
74079446;2026;7.9;5.1;62;0.67400000000000004
74131494;2026;8.2;5.8;53;0.84099999999999997
74170440;2025;8.7;6.0;25;0.89300000000000002
74218950;2026;8.1;5.8;64;0.92800000000000005
74265915;2025;7.3;4.7;38;0.73099999999999998
74352559;2026;7.3;5.6;62;0.83799999999999997
74358019;2025;7.5;6.6;150;0.94899999999999995
74482611;2025;7.2;4.7;66;0.70199999999999996
74489639;2026;7.8;4.2;44;0.84599999999999997
74570653;2026;8.2;6.3;166;0.874
74582871;2025;7.9;5.4;113;0.82499999999999996
74771085;2025;8.5;6.3;14;0.82399999999999995
74792256;2026;7.4;4.8;43;0.91500000000000004
74843338;2025;8.5;6.5;20;0.95199999999999996
74902204;2025;8.0;5.3;191;0.80600000000000005
74972690;2025;7.9;5.4;59;0.85499999999999998
75091646;2025;7.1;6.1;51;0.92700000000000005
75296593;2026;8.1;6.0;67;0.70499999999999996
75318783;2026;7.6;3.6;82;0.78800000000000003
75399786;2025;8.2;5.1;29;0.78400000000000003
75401552;2025;7.8;5.1;18;0.94699999999999995
75505688;2026;8.3;6.4;42;0.79200000000000004
75515918;2025;7.5;5.4;41;0.85399999999999998
75580959;2025;8.7;6.4;76;0.84399999999999997
75602219;2026;8.2;5.5;24;0.96
75614609;2026;8.1;6.1;82;0.90100000000000002
75656508;2026;8.3;4.1;13;0.86699999999999999
75658239;2025;8.0;6.1;60;0.95199999999999996
75662206;2025;7.6;5.4;19;0.61299999999999999
75684823;2025;7.7;6.0;83;0.79
75692870;2026;7.3;5.4;57;0.77
75713343;2025;6.8;6.1;76;0.78400000000000003
75714469;2025;8.2;5.9;106;0.68400000000000005
75746018;2025;7.7;6.3;21;0.875
75834458;2026;8.1;7.0;53;0.77900000000000003
75853223;2025;7.2;6.9;38;0.86399999999999999
75875503;2025;7.4;5.3;59;0.85499999999999998
76018506;2025;7.8;6.2;104;0.84599999999999997
76192118;2026;8.4;5.9;34;0.69399999999999995
76261770;2026;7.7;4.7;62;0.59
76314428;2026;8.0;7.0;9;0.69199999999999995
76323160;2026;7.1;5.7;66;0.80500000000000005
76521863;2025;7.8;6.5;166;0.86499999999999999
76684064;2025;8.0;6.4;108;0.90800000000000003
76938537;2026;8.5;5.6;28;0.93300000000000005
76943513;2026;8.1;6.0;64;0.82099999999999995
76952966;2026;8.2;6.2;64;0.877
76970830;2026;7.0;4.3;7;1
76981284;2026;8.4;6.2;66;0.74199999999999999
77005811;2026;8.0;5.3;23;0.92
77323224;2025;7.5;5.6;46;0.73
77378918;2025;8.0;6.2;79;0.83199999999999996
77437748;2025;8.0;6.3;90;0.82599999999999996
77449846;2025;8.2;5.9;102;0.91100000000000003
77460055;2025;7.5;5.3;42;0.97699999999999998
77537602;2025;8.1;5.0;52;0.77600000000000002
77556882;2026;8.6;6.1;176;0.84599999999999997
77624936;2026;7.9;5.8;72;0.80900000000000005
77656740;2026;7.5;5.6;14;0.93300000000000005
77743622;2026;6.4;4.8;18;0.81799999999999995
77747055;2025;8.0;6.4;66;0.85699999999999998
77763178;2025;8.1;5.2;88;0.66200000000000003
77794757;2025;9.0;6.0;47;0.73399999999999999
78100490;2026;8.1;5.8;44;0.88
78294346;2025;7.9;6.0;62;0.747
78308250;2026;7.8;5.2;41;0.71899999999999997
78323330;2025;7.5;5.9;90;0.91800000000000004
78396564;2026;9.4;8.1;6;0.75
78491090;2025;7.9;4.9;47;0.78300000000000003
78495763;2026;6.9;5.9;22;0.78600000000000003
78508835;2026;7.3;4.7;46;0.93899999999999995
78545687;2025;7.5;5.6;36;0.97299999999999998
78602001;2026;7.9;5.6;45;0.80400000000000005
78647439;2025;7.3;4.9;22;1
78673553;2025;8.2;5.5;39;0.70899999999999996
78907748;2025;7.6;5.3;71;0.83499999999999996
78992223;2026;8.0;6.5;24;0.82799999999999996
79002691;2025;9.4;9.0;5;1
79012102;2026;7.5;5.1;63;0.86299999999999999
79012683;2026;8.7;5.7;28;0.875
79022806;2025;7.5;6.0;48;0.88900000000000001
79093755;2025;7.3;5.2;100;0.80600000000000005
79372311;2025;8.4;5.8;61;0.88400000000000001
79427132;2026;8.6;7.3;7;0.58299999999999996
79466321;2026;7.7;5.4;33;0.76700000000000002
79522184;2026;7.9;5.1;81;0.81
79626756;2026;7.7;5.3;50;0.73499999999999999
79650118;2025;8.0;5.4;119;0.90200000000000002
79707757;2026;8.3;5.6;34;0.75600000000000001
79708334;2026;8.3;6.7;176;0.83799999999999997
79716826;2025;7.5;6.1;57;0.96599999999999997
79844557;2025;6.7;4.3;21;0.95499999999999996
79864142;2025;7.0;4.9;66;0.84599999999999997
79866556;2025;8.4;7.1;74;0.94899999999999995
79969356;2025;7.9;6.3;41;0.85399999999999998
80009811;2025;7.3;5.5;38;0.745
80013231;2026;8.3;5.6;140;0.8
80072686;2025;8.1;7.3;6;0.75
80131736;2025;8.0;5.1;90;0.874
80171267;2025;8.0;6.6;50;0.746
80177526;2026;7.9;5.6;105;0.68200000000000005
80378022;2025;8.0;4.6;42;0.93300000000000005
80408917;2026;7.4;5.5;50;0.96199999999999997
80498460;2026;8.0;6.3;49;0.81699999999999995
80509560;2026;6.7;5.0;18;0.72
80536102;2025;6.8;5.0;8;0.8
80621158;2025;7.7;4.8;64;0.82099999999999995
80631297;2025;8.2;5.5;27;0.77100000000000002
80659104;2025;7.4;5.8;28;0.71799999999999997
80678068;2026;8.0;6.5;48;0.92300000000000004
80693905;2026;8.1;5.7;88;0.76500000000000001
80731562;2026;8.5;7.3;57;0.93400000000000005
80769468;2026;10.0;10.0;9;1
80815525;2025;8.1;5.5;38;0.88400000000000001
80830464;2025;7.7;5.2;141;0.84399999999999997
80852248;2026;7.6;4.5;39;0.88600000000000001
80871896;2025;7.9;5.8;20;0.22
81045260;2025;7.6;5.3;69;0.82099999999999995
81052393;2026;7.3;5.3;104;0.748
81072495;2026;8.5;6.7;38;0.92700000000000005
81136807;2026;7.7;5.5;79;0.78200000000000003
81179515;2026;8.6;4.3;35;0.745
81265119;2025;8.5;4.8;19;0.82599999999999996
81266343;2025;7.8;5.3;129;0.90800000000000003
81333857;2026;8.1;7.9;13;0.31
81342093;2026;7.1;5.0;69;0.61599999999999999
81424988;2025;7.2;5.9;109;0.72699999999999998
81452013;2025;8.3;7.1;18;1
81535814;2026;8.1;6.2;7;0.7
81617288;2026;6.6;5.2;47;0.81
81662991;2026;7.9;5.4;117;0.86699999999999999
81680693;2026;7.8;5.7;64;0.90100000000000002
81683738;2026;7.5;5.4;64;0.91400000000000003
81784662;2026;7.3;5.6;102;0.72299999999999998
81821703;2026;7.7;5.1;102;0.879
81918902;2026;7.6;5.7;18;0.94699999999999995
81992480;2025;8.7;6.2;73;0.78500000000000003
82075850;2026;7.5;5.6;38;0.86399999999999999
82086591;2025;7.0;5.2;80;0.748
82110758;2026;8.4;5.6;58;0.80600000000000005
82137009;2026;7.7;5.5;48;0.873
82151850;2026;8.5;7.1;13;0.81299999999999994
82183259;2026;8.2;6.4;38;0.92700000000000005
82223639;2026;7.3;5.6;9;0.81799999999999995
82224915;2025;7.8;6.0;88;0.82199999999999995
82254606;2026;8.6;5.9;7;0.7
82402144;2025;8.9;7.9;69;1
82520504;2026;7.9;6.5;17;0.89500000000000002
82624830;2025;7.7;5.2;70;0.71399999999999997
82651095;2026;7.8;4.9;23;0.69699999999999995
82726493;2026;7.4;5.9;39;0.55700000000000005
82797662;2025;6.9;4.3;34;0.85
82807694;2025;8.0;5.7;137;0.873
82838118;2026;6.8;3.9;13;0.76500000000000001
82942801;2026;7.9;5.2;108;0.81799999999999995
82943624;2026;8.5;7.4;16;0.36399999999999999
82982309;2025;7.2;4.7;105;0.745
83020784;2025;7.5;5.4;85;0.83299999999999996
83025413;2025;8.4;7.4;9;1
83045482;2025;7.8;6.0;68;0.81899999999999995
83071620;2026;8.9;7.5;36;0.81799999999999995
83084730;2025;8.0;6.0;56;0.98199999999999998
83197782;2026;8.7;6.0;92;0.78600000000000003
83291761;2026;7.9;4.8;120;0.85099999999999998
83401016;2025;8.2;6.6;122;0.97599999999999998
83416307;2026;8.5;5.5;61;0.622
83454509;2026;7.7;5.9;158;0.89800000000000002
83468631;2026;7.1;5.5;103;0.77400000000000002
83516023;2025;6.5;4.1;62;0.873
83519502;2025;7.4;4.8;41;0.91100000000000003
83526311;2025;7.6;5.5;116;0.8
83584296;2025;8.0;5.0;100;0.78700000000000003
83627088;2025;6.8;4.8;58;0.81699999999999995
83735665;2026;8.9;7.2;24;0.96
83803124;2025;7.9;6.3;42;0.97699999999999998
83828066;2026;8.1;5.8;152;0.879
83835836;2026;8.2;6.6;15;0.88200000000000001
83862028;2025;7.9;5.7;78;0.72899999999999998
83894630;2025;8.0;5.2;67;0.89300000000000002
83896681;2025;8.4;7.0;41;0.93200000000000005
83919671;2025;7.2;5.6;70;0.66700000000000004
83983639;2025;8.1;6.1;63;0.86299999999999999
84111198;2025;8.0;5.9;62;0.83799999999999997
84159690;2025;8.0;5.9;65;0.85499999999999998
84179524;2026;7.7;5.9;101;0.748
84230115;2026;8.2;5.3;32;0.76200000000000001
84230778;2026;9.3;6.8;5;0.71399999999999997
84285512;2026;8.5;5.7;70;0.81399999999999995
84411355;2025;7.6;4.6;73;0.85899999999999999
84432632;2026;8.0;6.0;45;0.68200000000000005
84461484;2025;8.2;6.1;133;0.80100000000000005
84520303;2025;7.5;6.6;83;0.93300000000000005
84581048;2026;8.3;6.0;137;0.83
84585645;2026;8.3;6.8;20;0.8
84590859;2026;8.6;5.9;48;0.77400000000000002
84601215;2026;7.7;5.7;134;0.84799999999999998
84622889;2025;8.1;5.5;72;0.878
84724191;2025;7.4;5.9;46;0.83599999999999997
84843919;2025;8.3;6.5;68;0.84
84884375;2026;7.8;6.3;153;0.9
84902434;2026;7.2;5.5;76;0.8
84917564;2025;8.5;5.4;112;0.58599999999999997
84998800;2025;7.5;5.1;120;0.82799999999999996
85007077;2025;7.7;5.7;50;0.57499999999999996
85013151;2026;8.2;5.3;24;0.85699999999999998
85082785;2025;7.9;5.1;38;0.66700000000000004
85092070;2026;9.1;6.4;7;0.875
85160786;2025;8.3;6.0;16;0.88900000000000001
85325551;2025;8.6;4.6;14;0.875
85335004;2026;8.1;4.8;61;0.79200000000000004
85416841;2025;7.8;5.0;186;0.71299999999999997
85440729;2025;7.9;5.2;51;0.85
85558618;2025;7.6;5.5;105;0.91300000000000003
85601783;2025;7.8;5.5;108;0.70599999999999996
85656343;2026;8.2;5.8;64;0.61499999999999999
85762828;2025;7.8;5.4;68;0.76400000000000001
85777315;2025;7.0;5.5;16;0.66700000000000004
85796724;2026;7.8;8.6;11;0.84599999999999997
85862849;2025;8.1;5.8;58;0.82899999999999996
85928436;2025;7.7;6.1;31;0.79500000000000004
86086213;2026;9.1;8.4;8;0.5
86113785;2025;7.5;5.8;34;0.79100000000000004
86215855;2025;8.5;6.1;115;0.92700000000000005
86323840;2025;6.8;5.1;46;0.64800000000000002
86499334;2025;7.8;6.2;85;0.876
86546038;2026;7.9;6.3;51;0.81
86562542;2025;7.2;4.2;45;0.77600000000000002
86573921;2026;7.8;4.8;40;0.625
86597125;2026;8.1;6.0;93;0.72099999999999997
86616046;2026;8.1;5.2;30;0.76900000000000002
86708639;2025;7.5;5.4;91;0.746
86758230;2026;8.5;7.2;154;0.85599999999999998
86764194;2026;8.6;5.2;36;0.97299999999999998
86851817;2026;9.2;6.2;29;0.74399999999999999
86985859;2025;8.0;6.1;34;0.60699999999999998
87088456;2026;8.1;6.3;7;0.63600000000000001
87109819;2026;8.0;6.4;44;0.83
87139814;2025;7.9;6.0;64;0.84199999999999997
87194036;2025;8.5;5.8;17;0.65400000000000003
87197902;2025;7.6;5.5;71;0.85499999999999998
87251726;2026;8.5;6.0;46;0.78
87262274;2025;7.7;5.4;46;0.92
87375656;2026;8.2;6.6;69;0.93200000000000005
87425546;2025;7.2;4.7;65;0.77400000000000002
87427999;2026;8.2;5.8;96;0.84199999999999997
87516620;2025;8.0;5.3;80;0.90900000000000003
87521048;2026;8.1;6.0;122;0.81899999999999995
87527002;2025;7.3;5.5;23;0.85199999999999998
87531665;2025;8.5;4.8;57;0.77
87544967;2026;7.3;6.6;7;0.77800000000000002
87606101;2026;7.9;5.5;130;0.872
87665835;2025;7.4;6.4;65;0.85499999999999998
87838841;2026;7.9;6.3;13;0.371
87948789;2026;8.4;5.8;97;0.95099999999999996
87963970;2025;8.4;5.7;74;0.871
87999453;2026;8.1;6.4;44;0.83
88046003;2025;7.9;4.9;101;0.80800000000000005
88091927;2026;8.7;6.3;66;0.85699999999999998
88104795;2025;7.8;5.4;12;0.188
88176175;2026;7.3;5.5;50;0.98
88247874;2026;8.3;6.4;94;0.90400000000000003
88283203;2026;7.9;5.1;48;0.84199999999999997
88404717;2026;7.2;4.4;71;0.83499999999999996
88486410;2025;7.3;5.0;26;0.74299999999999999
88590084;2025;7.7;5.9;47;0.81
88657987;2026;8.0;6.5;106;0.69699999999999995
88669294;2025;7.4;6.2;66;0.85699999999999998
88712672;2025;8.2;5.7;72;0.82799999999999996
88746223;2026;8.6;5.2;41;0.80400000000000005
88784456;2026;8.2;5.9;35;0.53800000000000003
88795871;2026;8.7;6.5;101;0.86299999999999999
88839958;2025;7.6;5.2;39;0.75
89029385;2026;7.9;5.3;247;0.76900000000000002
89112467;2025;8.5;6.2;95;0.89600000000000002
89195825;2025;7.5;5.0;111;0.81
89335715;2025;8.9;6.1;57;0.78100000000000003
89387408;2025;7.8;6.1;75;0.85199999999999998
89424201;2026;7.1;4.7;13;0.76500000000000001
89477299;2025;7.6;5.5;92;0.79300000000000004
89477984;2026;8.3;5.8;106;0.82199999999999995
89487045;2026;8.1;5.7;122;0.73099999999999998
89498184;2025;9.0;9.0;6;1
89510449;2026;8.5;6.3;51;0.91100000000000003
89523926;2026;8.2;5.7;52;0.88100000000000001
89605548;2026;8.3;5.4;73;0.83899999999999997
89624871;2025;8.3;5.2;37;0.88100000000000001
89661489;2025;7.5;4.4;82;0.80400000000000005
89680009;2025;8.4;5.4;146;0.83899999999999997
89692072;2026;7.6;5.0;25;0.96199999999999997
89693828;2026;8.2;6.3;31;0.67400000000000004
89851619;2026;7.7;6.6;57;0.91900000000000004
89876778;2025;7.8;5.4;67;0.87
89878714;2025;7.9;6.5;72;0.77400000000000002
89893224;2025;9.5;8.0;5;0.83299999999999996
90080902;2025;8.2;6.3;33;0.86799999999999999
90298777;2025;6.9;5.7;47;0.79700000000000004
90340546;2025;7.7;6.2;73;0.80200000000000005
90360196;2026;7.1;4.8;68;0.73099999999999998
90707437;2025;8.0;5.7;12;1
90728703;2025;7.7;6.1;156;0.876
90732940;2025;7.7;5.9;141;0.91
90784555;2025;8.7;7.1;17;1
90826660;2026;8.0;5.6;45;0.91800000000000004
90834434;2026;7.6;5.0;41;0.77400000000000002
90838156;2026;7.3;4.8;51;0.98099999999999998
90847895;2026;7.7;5.7;76;0.52100000000000002
90850620;2026;7.6;6.5;64;0.95499999999999996
90874950;2025;7.7;6.1;65;0.90300000000000002
90876801;2026;7.8;5.2;37;0.60699999999999998
90886859;2026;8.2;5.8;75;0.86199999999999999
90949251;2025;7.3;5.2;52;0.74299999999999999
90949432;2025;7.7;5.4;23;0.82099999999999995
91013126;2025;7.4;5.5;117;0.83599999999999997
91030682;2026;7.8;5.2;121;0.81799999999999995
91067048;2026;8.4;7.0;42;0.75
91161376;2026;8.0;6.3;93;0.79500000000000004
91187921;2025;8.2;6.0;122;0.871
91219337;2026;8.0;6.1;66;0.75900000000000001
91652716;2026;7.9;6.3;81;0.75
91683255;2026;8.1;5.8;20;0.41699999999999998
91687391;2026;8.0;5.8;106;0.70699999999999996
91778864;2026;8.2;5.8;32;0.86499999999999999
91816093;2026;8.5;6.1;100;0.83299999999999996
91978548;2025;8.3;5.6;73;0.93600000000000005
92086024;2026;8.4;6.2;65;0.77400000000000002
92127007;2026;7.6;4.6;18;1
92218121;2025;8.3;4.9;81;0.75
92284588;2026;7.9;5.4;99;0.72799999999999998
92304123;2026;7.7;5.3;44;0.89800000000000002
92337813;2026;8.0;5.8;66;0.81499999999999995
92364234;2026;8.8;7.2;129;0.872
92384910;2026;7.9;4.9;24;0.88900000000000001
92463760;2025;7.6;6.1;59;0.73799999999999999
92620495;2025;7.8;5.1;65;0.80200000000000005
92621428;2025;6.9;7.1;37;0.84099999999999997
92750123;2025;7.6;6.0;42;0.7
92819736;2025;7.5;5.5;130;0.747
92848832;2026;7.6;5.7;108;0.85
92922874;2026;8.3;5.3;70;0.88600000000000001
92940771;2025;8.4;5.8;53;0.77900000000000003
93002896;2026;8.2;5.5;114;0.78100000000000003
93042073;2025;7.9;6.0;119;0.81
93081338;2026;8.3;5.2;38;0.80900000000000005
93140467;2025;8.8;5.5;57;0.86399999999999999
93274980;2026;7.7;5.0;52;0.89700000000000002
93301103;2026;9.1;8.5;9;1
93337320;2025;7.5;5.0;80;0.89900000000000002
93339853;2025;8.4;5.5;67;0.88200000000000001
93412255;2026;8.1;6.0;72;0.8
93436580;2026;7.5;4.6;9;0.9
93599910;2025;7.5;4.5;41;0.56899999999999995
93730568;2025;7.4;5.8;117;0.89300000000000002
93845278;2026;7.9;5.9;23;0.67600000000000005
93904124;2026;8.2;5.1;35;0.77800000000000002
93919365;2026;7.8;4.5;42;0.76400000000000001
93964634;2026;8.7;6.5;25;1
93968806;2026;7.6;5.1;20;0.46500000000000002
94163432;2026;8.2;5.8;37;0.74
94235119;2026;8.1;5.9;42;0.84
94248837;2026;8.2;6.4;52;0.82499999999999996
94309839;2025;7.3;5.5;115;0.85799999999999998
94348319;2025;7.8;4.7;48;0.85699999999999998
94395043;2025;8.3;5.7;166;0.86
94453321;2026;8.0;5.9;71;0.755
94589976;2025;7.8;6.5;27;0.93100000000000005
94591900;2026;7.9;5.5;116;0.82899999999999996
94707451;2025;8.4;5.9;78;0.78
94821900;2026;7.8;5.0;25;0.69399999999999995
94830241;2025;7.7;5.5;21;0.875
94864296;2026;8.1;6.5;67;0.74399999999999999
94943347;2026;7.1;5.7;19;0.79200000000000004
95057356;2025;7.5;5.4;82;0.75900000000000001
95113658;2025;7.9;8.8;5;0.55600000000000005
95132430;2025;7.5;5.8;123;0.89800000000000002
95134514;2025;8.1;5.9;80;0.90900000000000003
95197505;2026;8.1;6.3;94;0.77
95227669;2025;7.9;6.6;8;0.72699999999999998
95243847;2025;7.8;4.9;72;0.77400000000000002
95270434;2026;8.6;6.9;64;0.82099999999999995
95523275;2026;8.6;6.4;28;0.75700000000000001
95536453;2026;7.7;6.2;68;0.85
95576349;2025;7.6;6.5;65;0.878
95610127;2025;8.1;5.2;38;0.79200000000000004
95649680;2025;7.5;4.6;83;0.80600000000000005
95673344;2026;8.2;5.2;88;0.83799999999999997
95720059;2026;7.9;6.0;125;0.83299999999999996
95748172;2025;8.1;5.3;98;0.76600000000000001
96091081;2026;7.5;5.3;41;0.53900000000000003
96298476;2025;7.6;5.7;31;0.91200000000000003
96316535;2025;8.1;5.7;54;0.68400000000000005
96330648;2026;8.1;6.8;71;0.79800000000000004
96360048;2026;7.7;5.4;73;0.66400000000000003
96533068;2025;7.4;6.6;8;0.61499999999999999
96558008;2025;8.1;5.9;168;0.875
96609581;2026;7.5;5.8;137;0.67500000000000004
96757645;2026;8.2;5.9;62;0.86099999999999999
96783420;2025;8.5;4.9;26;0.74299999999999999
96958960;2025;7.6;5.2;65;0.878
96969231;2026;7.8;6.4;94;0.89500000000000002
96973204;2026;8.1;6.1;31;0.68899999999999995
96982474;2025;8.2;5.3;54;0.72
97128428;2026;8.3;5.5;139;0.88500000000000001
97174070;2025;8.0;6.2;153;0.89500000000000002
97306690;2026;7.0;4.7;69;0.55600000000000005
97361837;2025;7.8;5.3;38;0.77600000000000002
97400863;2026;7.3;5.9;85;0.73899999999999999
97402564;2026;8.3;6.6;105;0.875
97438636;2025;8.4;5.1;55;0.59799999999999998
97480702;2025;8.1;5.6;45;0.93799999999999994
97495074;2026;7.2;5.4;37;0.36599999999999999
97648883;2026;7.5;5.0;94;0.879
97649106;2026;7.9;6.1;61;0.79200000000000004
97655739;2026;7.3;4.7;74;0.70499999999999996
97659691;2025;7.0;4.8;75;0.89300000000000002
97683561;2026;7.9;5.9;196;0.92500000000000004
97686250;2026;8.6;6.2;86;0.82699999999999996
97706771;2025;8.0;5.5;102;0.70799999999999996
97762139;2025;8.8;4.2;26;1
97784361;2025;7.3;5.3;37;0.69799999999999995
97879425;2026;7.8;7.4;30;0.93799999999999994
97882848;2025;6.7;4.1;43;0.78200000000000003
97938241;2025;8.0;5.0;44;0.77200000000000002
97940004;2025;7.6;4.2;138;0.86799999999999999
97942210;2025;7.7;5.2;160;0.83799999999999997
98029852;2026;8.2;5.9;62;0.72099999999999997
98031467;2025;8.0;5.7;80;0.755
98058756;2026;7.9;5.1;51;0.75
98081621;2025;8.6;6.4;105;0.67700000000000005
98083121;2025;8.6;7.0;30;0.85699999999999998
98088982;2025;8.3;7.0;60;0.75900000000000001
98124174;2026;7.8;5.6;67;0.76100000000000001
98239828;2026;7.2;5.7;19;0.82599999999999996
98272016;2025;8.0;5.8;51;0.879
98284563;2025;8.1;5.2;90;0.84099999999999997
98442801;2026;7.0;5.4;29;0.93500000000000005
98508777;2025;7.6;5.8;149;0.86099999999999999
98515782;2025;7.8;6.1;21;0.7
98587494;2026;7.0;4.1;50;0.877
98693413;2025;8.8;7.8;5;1
98702223;2026;7.9;5.0;42;0.73699999999999999
98713812;2025;7.2;5.1;96;0.83499999999999996
98745015;2025;7.0;4.7;43;0.72899999999999998
98753011;2025;7.1;5.4;106;0.82199999999999995
98756440;2025;7.7;5.0;75;0.81499999999999995
98760751;2026;7.8;5.5;57;0.74
98780182;2025;7.7;4.8;21;0.80800000000000005
98925408;2025;7.7;5.3;193;0.85799999999999998
98998541;2025;7.4;6.0;22;0.91700000000000004
99056007;2025;8.3;6.4;69;0.84099999999999997
99319890;2026;8.6;6.3;89;0.81699999999999995
99361107;2025;7.5;5.6;121;0.70799999999999996
99375199;2026;7.5;5.4;41;0.80400000000000005
99406709;2025;8.2;5.4;69;0.78400000000000003
99408329;2025;7.3;5.4;42;0.76400000000000001
99469094;2026;8.0;5.9;19;0.86399999999999999
99636909;2025;8.1;5.7;48;0.73799999999999999
99640618;2025;7.9;6.6;148;0.83599999999999997
99648792;2026;8.1;5.7;157;0.83499999999999996
99653866;2026;8.3;5.5;56;0.88900000000000001
99707554;2025;8.3;4.8;41;0.745
99749462;2026;8.2;6.5;54;0.74
99757444;2025;7.9;5.6;228;0.69299999999999995
99835038;2025;7.5;5.3;55;0.98199999999999998
99856371;2026;8.5;5.9;101;0.91
99882962;2025;8.1;6.1;8;0.66700000000000004
99992013;2026;8.0;4.9;91;0.82
